-- MySQL dump 10.13  Distrib 5.7.21, for Linux (x86_64)
--
-- Host: localhost    Database: fun_app_local
-- ------------------------------------------------------
-- Server version	5.7.21

/*!40101 SET @OLD_CHARACTER_SET_CLIENT=@@CHARACTER_SET_CLIENT */;
/*!40101 SET @OLD_CHARACTER_SET_RESULTS=@@CHARACTER_SET_RESULTS */;
/*!40101 SET @OLD_COLLATION_CONNECTION=@@COLLATION_CONNECTION */;
/*!40101 SET NAMES utf8 */;
/*!40103 SET @OLD_TIME_ZONE=@@TIME_ZONE */;
/*!40103 SET TIME_ZONE='+00:00' */;
/*!40014 SET @OLD_UNIQUE_CHECKS=@@UNIQUE_CHECKS, UNIQUE_CHECKS=0 */;
/*!40014 SET @OLD_FOREIGN_KEY_CHECKS=@@FOREIGN_KEY_CHECKS, FOREIGN_KEY_CHECKS=0 */;
/*!40101 SET @OLD_SQL_MODE=@@SQL_MODE, SQL_MODE='NO_AUTO_VALUE_ON_ZERO' */;
/*!40111 SET @OLD_SQL_NOTES=@@SQL_NOTES, SQL_NOTES=0 */;

--
-- Table structure for table `active_admin_comments`
--

DROP TABLE IF EXISTS `active_admin_comments`;
/*!40101 SET @saved_cs_client     = @@character_set_client */;
/*!40101 SET character_set_client = utf8 */;
CREATE TABLE `active_admin_comments` (
  `id` bigint(20) NOT NULL AUTO_INCREMENT,
  `namespace` varchar(255) DEFAULT NULL,
  `body` text,
  `resource_type` varchar(255) DEFAULT NULL,
  `resource_id` bigint(20) DEFAULT NULL,
  `author_type` varchar(255) DEFAULT NULL,
  `author_id` bigint(20) DEFAULT NULL,
  `created_at` datetime NOT NULL,
  `updated_at` datetime NOT NULL,
  PRIMARY KEY (`id`),
  KEY `index_active_admin_comments_on_resource_type_and_resource_id` (`resource_type`,`resource_id`),
  KEY `index_active_admin_comments_on_author_type_and_author_id` (`author_type`,`author_id`),
  KEY `index_active_admin_comments_on_namespace` (`namespace`)
) ENGINE=InnoDB DEFAULT CHARSET=latin1;
/*!40101 SET character_set_client = @saved_cs_client */;

--
-- Dumping data for table `active_admin_comments`
--

LOCK TABLES `active_admin_comments` WRITE;
/*!40000 ALTER TABLE `active_admin_comments` DISABLE KEYS */;
/*!40000 ALTER TABLE `active_admin_comments` ENABLE KEYS */;
UNLOCK TABLES;

--
-- Table structure for table `admin_users`
--

DROP TABLE IF EXISTS `admin_users`;
/*!40101 SET @saved_cs_client     = @@character_set_client */;
/*!40101 SET character_set_client = utf8 */;
CREATE TABLE `admin_users` (
  `id` bigint(20) NOT NULL AUTO_INCREMENT,
  `email` varchar(255) NOT NULL DEFAULT '',
  `encrypted_password` varchar(255) NOT NULL DEFAULT '',
  `reset_password_token` varchar(255) DEFAULT NULL,
  `reset_password_sent_at` datetime DEFAULT NULL,
  `remember_created_at` datetime DEFAULT NULL,
  `created_at` datetime NOT NULL,
  `updated_at` datetime NOT NULL,
  PRIMARY KEY (`id`),
  UNIQUE KEY `index_admin_users_on_email` (`email`),
  UNIQUE KEY `index_admin_users_on_reset_password_token` (`reset_password_token`)
) ENGINE=InnoDB AUTO_INCREMENT=2 DEFAULT CHARSET=latin1;
/*!40101 SET character_set_client = @saved_cs_client */;

--
-- Dumping data for table `admin_users`
--

LOCK TABLES `admin_users` WRITE;
/*!40000 ALTER TABLE `admin_users` DISABLE KEYS */;
INSERT INTO `admin_users` VALUES (1,'tuan@gmail.com','$2a$11$DaD1CZLklOYih0OijnDq/.nj0VhJK8JUvNI5kc5k6HMkfasMFOEOe',NULL,NULL,'2019-09-24 11:27:42','2020-07-26 09:26:34','2020-07-26 09:26:34');
/*!40000 ALTER TABLE `admin_users` ENABLE KEYS */;
UNLOCK TABLES;

--
-- Table structure for table `ar_internal_metadata`
--

DROP TABLE IF EXISTS `ar_internal_metadata`;
/*!40101 SET @saved_cs_client     = @@character_set_client */;
/*!40101 SET character_set_client = utf8 */;
CREATE TABLE `ar_internal_metadata` (
  `key` varchar(255) NOT NULL,
  `value` varchar(255) DEFAULT NULL,
  `created_at` datetime NOT NULL,
  `updated_at` datetime NOT NULL,
  PRIMARY KEY (`key`)
) ENGINE=InnoDB DEFAULT CHARSET=latin1;
/*!40101 SET character_set_client = @saved_cs_client */;

--
-- Dumping data for table `ar_internal_metadata`
--

LOCK TABLES `ar_internal_metadata` WRITE;
/*!40000 ALTER TABLE `ar_internal_metadata` DISABLE KEYS */;
INSERT INTO `ar_internal_metadata` VALUES ('environment','development','2020-07-26 09:26:18','2020-07-26 09:26:18');
/*!40000 ALTER TABLE `ar_internal_metadata` ENABLE KEYS */;
UNLOCK TABLES;

--
-- Table structure for table `article_tag_records`
--

DROP TABLE IF EXISTS `article_tag_records`;
/*!40101 SET @saved_cs_client     = @@character_set_client */;
/*!40101 SET character_set_client = utf8 */;
CREATE TABLE `article_tag_records` (
  `id` bigint(20) NOT NULL AUTO_INCREMENT,
  `article_id` bigint(20) DEFAULT NULL,
  `tag_id` bigint(20) DEFAULT NULL,
  `created_at` datetime NOT NULL,
  `updated_at` datetime NOT NULL,
  PRIMARY KEY (`id`),
  KEY `index_article_tag_records_on_article_id` (`article_id`),
  KEY `index_article_tag_records_on_tag_id` (`tag_id`)
) ENGINE=InnoDB AUTO_INCREMENT=356 DEFAULT CHARSET=latin1;
/*!40101 SET character_set_client = @saved_cs_client */;

--
-- Dumping data for table `article_tag_records`
--

LOCK TABLES `article_tag_records` WRITE;
/*!40000 ALTER TABLE `article_tag_records` DISABLE KEYS */;
INSERT INTO `article_tag_records` VALUES (1,13,70,'2020-07-26 09:35:24','2020-07-26 09:35:24'),(2,13,71,'2020-07-26 09:35:24','2020-07-26 09:35:24'),(3,14,46,'2020-07-26 09:48:52','2020-07-26 09:48:52'),(4,15,48,'2020-07-29 14:30:15','2020-07-29 14:30:15'),(5,15,57,'2020-07-29 14:30:15','2020-07-29 14:30:15'),(6,15,57,'2020-07-31 18:14:47','2020-07-31 18:14:47'),(7,15,72,'2020-07-31 18:14:47','2020-07-31 18:14:47'),(8,15,73,'2020-07-31 18:14:47','2020-07-31 18:14:47'),(9,15,74,'2020-07-31 18:14:47','2020-07-31 18:14:47'),(10,15,75,'2020-07-31 18:14:47','2020-07-31 18:14:47'),(11,16,70,'2020-08-01 02:27:56','2020-08-01 02:27:56'),(12,16,76,'2020-08-01 02:27:56','2020-08-01 02:27:56'),(13,16,77,'2020-08-01 02:27:56','2020-08-01 02:27:56'),(14,17,78,'2020-08-01 02:28:53','2020-08-01 02:28:53'),(15,17,79,'2020-08-01 02:28:53','2020-08-01 02:28:53'),(16,17,80,'2020-08-01 02:28:53','2020-08-01 02:28:53'),(17,18,81,'2020-08-01 02:41:24','2020-08-01 02:41:24'),(18,18,59,'2020-08-01 02:41:24','2020-08-01 02:41:24'),(19,18,82,'2020-08-01 02:41:24','2020-08-01 02:41:24'),(20,18,83,'2020-08-01 02:41:24','2020-08-01 02:41:24'),(21,18,84,'2020-08-02 14:07:00','2020-08-02 14:07:00'),(22,18,85,'2020-08-02 14:07:00','2020-08-02 14:07:00'),(23,19,86,'2020-08-02 14:09:16','2020-08-02 14:09:16'),(24,20,87,'2020-08-02 14:11:17','2020-08-02 14:11:17'),(25,21,59,'2020-08-02 14:12:00','2020-08-02 14:12:00'),(26,21,46,'2020-08-02 14:12:00','2020-08-02 14:12:00'),(27,21,77,'2020-08-02 14:12:00','2020-08-02 14:12:00'),(28,22,62,'2020-08-02 14:59:48','2020-08-02 14:59:48'),(29,23,62,'2020-08-02 15:00:09','2020-08-02 15:00:09'),(30,24,62,'2020-08-02 15:01:31','2020-08-02 15:01:31'),(31,25,62,'2020-08-02 15:05:01','2020-08-02 15:05:01'),(32,26,62,'2020-08-02 15:10:15','2020-08-02 15:10:15'),(33,27,62,'2020-08-02 15:24:46','2020-08-02 15:24:46'),(34,28,62,'2020-08-02 15:25:28','2020-08-02 15:25:28'),(35,29,62,'2020-08-02 15:25:41','2020-08-02 15:25:41'),(36,30,62,'2020-08-02 15:28:22','2020-08-02 15:28:22'),(37,31,62,'2020-08-02 15:30:49','2020-08-02 15:30:49'),(38,32,62,'2020-08-02 15:41:03','2020-08-02 15:41:03'),(39,33,88,'2020-08-02 15:46:09','2020-08-02 15:46:09'),(40,33,89,'2020-08-02 15:46:09','2020-08-02 15:46:09'),(41,33,90,'2020-08-02 15:46:09','2020-08-02 15:46:09'),(42,33,91,'2020-08-02 15:46:09','2020-08-02 15:46:09'),(43,34,88,'2020-08-02 15:48:52','2020-08-02 15:48:52'),(44,34,89,'2020-08-02 15:48:52','2020-08-02 15:48:52'),(45,34,90,'2020-08-02 15:48:52','2020-08-02 15:48:52'),(46,34,91,'2020-08-02 15:48:52','2020-08-02 15:48:52'),(47,35,6,'2020-08-02 15:59:28','2020-08-02 15:59:28'),(48,35,92,'2020-08-02 15:59:28','2020-08-02 15:59:28'),(49,35,93,'2020-08-02 15:59:28','2020-08-02 15:59:28'),(50,35,76,'2020-08-02 15:59:28','2020-08-02 15:59:28'),(51,35,43,'2020-08-02 15:59:28','2020-08-02 15:59:28'),(52,36,88,'2020-08-02 15:59:47','2020-08-02 15:59:47'),(53,36,89,'2020-08-02 15:59:47','2020-08-02 15:59:47'),(54,36,90,'2020-08-02 15:59:47','2020-08-02 15:59:47'),(55,36,91,'2020-08-02 15:59:47','2020-08-02 15:59:47'),(56,36,94,'2020-08-02 15:59:47','2020-08-02 15:59:47'),(57,37,88,'2020-08-02 16:00:08','2020-08-02 16:00:08'),(58,37,89,'2020-08-02 16:00:08','2020-08-02 16:00:08'),(59,37,90,'2020-08-02 16:00:08','2020-08-02 16:00:08'),(60,37,91,'2020-08-02 16:00:08','2020-08-02 16:00:08'),(61,37,94,'2020-08-02 16:00:08','2020-08-02 16:00:08'),(62,38,95,'2020-08-09 18:41:35','2020-08-09 18:41:35'),(63,38,66,'2020-08-09 18:41:35','2020-08-09 18:41:35'),(64,39,1,'2020-08-09 18:46:34','2020-08-09 18:46:34'),(65,39,96,'2020-08-09 18:46:34','2020-08-09 18:46:34'),(66,39,97,'2020-08-09 18:46:34','2020-08-09 18:46:34'),(67,39,98,'2020-08-09 18:46:34','2020-08-09 18:46:34'),(68,40,62,'2020-08-09 18:47:46','2020-08-09 18:47:46'),(69,41,62,'2020-08-09 18:50:01','2020-08-09 18:50:01'),(70,42,62,'2020-08-09 18:50:16','2020-08-09 18:50:16'),(71,43,62,'2020-08-12 04:43:41','2020-08-12 04:43:41'),(72,44,62,'2020-08-12 04:44:49','2020-08-12 04:44:49'),(73,45,62,'2020-08-12 11:38:09','2020-08-12 11:38:09'),(74,46,62,'2020-08-12 11:39:00','2020-08-12 11:39:00'),(75,47,62,'2020-08-12 11:39:49','2020-08-12 11:39:49'),(76,48,62,'2020-08-12 11:41:06','2020-08-12 11:41:06'),(77,49,62,'2020-08-12 14:28:41','2020-08-12 14:28:41'),(78,50,62,'2020-08-12 14:29:49','2020-08-12 14:29:49'),(79,51,62,'2020-08-12 14:33:19','2020-08-12 14:33:19'),(80,52,62,'2020-08-12 14:45:42','2020-08-12 14:45:42'),(81,53,62,'2020-08-12 14:57:49','2020-08-12 14:57:49'),(82,54,62,'2020-08-12 15:03:54','2020-08-12 15:03:54'),(83,55,62,'2020-08-12 15:05:06','2020-08-12 15:05:06'),(84,56,62,'2020-08-12 15:05:58','2020-08-12 15:05:58'),(85,57,62,'2020-08-12 15:06:44','2020-08-12 15:06:44'),(86,58,62,'2020-08-12 15:12:35','2020-08-12 15:12:35'),(87,59,62,'2020-08-12 15:13:22','2020-08-12 15:13:22'),(88,60,62,'2020-08-12 15:14:17','2020-08-12 15:14:17'),(89,61,62,'2020-08-12 15:15:33','2020-08-12 15:15:33'),(90,62,62,'2020-08-12 15:16:07','2020-08-12 15:16:07'),(91,63,62,'2020-08-12 15:16:42','2020-08-12 15:16:42'),(92,64,62,'2020-08-12 15:17:09','2020-08-12 15:17:09'),(93,65,62,'2020-08-12 15:18:09','2020-08-12 15:18:09'),(94,66,62,'2020-08-12 15:19:10','2020-08-12 15:19:10'),(95,67,62,'2020-08-12 15:24:40','2020-08-12 15:24:40'),(96,48,1,'2020-08-13 05:16:58','2020-08-13 05:16:58'),(119,68,99,'2020-08-14 15:01:09','2020-08-14 15:01:09'),(120,68,100,'2020-08-14 15:01:09','2020-08-14 15:01:09'),(121,69,62,'2020-08-14 19:05:37','2020-08-14 19:05:37'),(122,70,62,'2020-08-15 17:24:44','2020-08-15 17:24:44'),(123,71,62,'2020-08-15 17:24:59','2020-08-15 17:24:59'),(124,73,62,'2020-08-16 04:04:57','2020-08-16 04:04:57'),(125,74,62,'2020-08-16 04:05:13','2020-08-16 04:05:13'),(126,75,62,'2020-08-16 04:05:25','2020-08-16 04:05:25'),(127,76,62,'2020-08-16 06:38:02','2020-08-16 06:38:02'),(136,77,62,'2020-08-16 06:48:26','2020-08-16 06:48:26'),(137,77,101,'2020-08-16 06:48:26','2020-08-16 06:48:26'),(138,77,102,'2020-08-16 06:48:26','2020-08-16 06:48:26'),(139,78,62,'2020-08-18 15:10:29','2020-08-18 15:10:29'),(140,79,62,'2020-08-18 15:16:38','2020-08-18 15:16:38'),(141,80,62,'2020-08-18 15:19:07','2020-08-18 15:19:07'),(142,81,62,'2020-08-18 15:21:07','2020-08-18 15:21:07'),(143,82,62,'2020-08-20 04:44:35','2020-08-20 04:44:35'),(144,83,62,'2020-08-21 03:01:44','2020-08-21 03:01:44'),(145,85,62,'2020-08-22 19:15:39','2020-08-22 19:15:39'),(149,87,62,'2020-08-22 19:22:51','2020-08-22 19:22:51'),(150,86,62,'2020-08-22 19:23:10','2020-08-22 19:23:10'),(151,86,103,'2020-08-22 19:23:10','2020-08-22 19:23:10'),(152,86,104,'2020-08-22 19:23:10','2020-08-22 19:23:10'),(153,88,62,'2020-08-22 19:24:14','2020-08-22 19:24:14'),(155,89,62,'2020-08-22 19:26:37','2020-08-22 19:26:37'),(158,90,62,'2020-08-22 19:27:51','2020-08-22 19:27:51'),(159,91,62,'2020-08-22 19:30:49','2020-08-22 19:30:49'),(163,93,62,'2020-08-22 19:36:38','2020-08-22 19:36:38'),(169,94,105,'2020-08-22 19:43:29','2020-08-22 19:43:29'),(170,94,62,'2020-08-22 19:43:29','2020-08-22 19:43:29'),(171,92,105,'2020-08-22 19:44:59','2020-08-22 19:44:59'),(172,92,62,'2020-08-22 19:44:59','2020-08-22 19:44:59'),(173,95,62,'2020-08-23 04:52:31','2020-08-23 04:52:31'),(174,93,105,'2020-08-23 06:15:44','2020-08-23 06:15:44'),(175,96,62,'2020-08-23 11:02:06','2020-08-23 11:02:06'),(176,97,62,'2020-08-23 11:02:19','2020-08-23 11:02:19'),(177,89,105,'2020-08-23 15:35:48','2020-08-23 15:35:48'),(178,16,105,'2020-08-23 15:44:25','2020-08-23 15:44:25'),(179,98,62,'2020-08-24 03:24:57','2020-08-24 03:24:57'),(180,99,62,'2020-08-24 07:38:14','2020-08-24 07:38:14'),(181,100,62,'2020-08-24 07:40:13','2020-08-24 07:40:13'),(182,101,62,'2020-08-24 07:40:56','2020-08-24 07:40:56'),(183,102,62,'2020-08-24 07:41:27','2020-08-24 07:41:27'),(184,103,62,'2020-08-24 08:59:12','2020-08-24 08:59:12'),(185,104,62,'2020-08-24 09:12:04','2020-08-24 09:12:04'),(186,105,62,'2020-08-24 09:14:38','2020-08-24 09:14:38'),(187,106,105,'2020-08-24 09:20:52','2020-08-24 09:20:52'),(188,107,105,'2020-08-24 09:21:37','2020-08-24 09:21:37'),(189,107,62,'2020-08-24 09:21:37','2020-08-24 09:21:37'),(190,108,105,'2020-08-24 09:22:00','2020-08-24 09:22:00'),(191,108,62,'2020-08-24 09:22:00','2020-08-24 09:22:00'),(233,109,37,'2020-08-24 09:46:21','2020-08-24 09:46:21'),(239,110,74,'2020-08-24 09:53:14','2020-08-24 09:53:14'),(240,111,105,'2020-08-24 09:53:41','2020-08-24 09:53:41'),(241,111,62,'2020-08-24 09:53:41','2020-08-24 09:53:41'),(242,112,62,'2020-08-24 11:14:59','2020-08-24 11:14:59'),(243,113,62,'2020-08-24 11:15:42','2020-08-24 11:15:42'),(244,114,62,'2020-08-25 12:15:26','2020-08-25 12:15:26'),(245,115,62,'2020-08-25 12:15:45','2020-08-25 12:15:45'),(246,116,62,'2020-08-25 12:38:09','2020-08-25 12:38:09'),(247,117,62,'2020-08-25 12:39:21','2020-08-25 12:39:21'),(248,118,62,'2020-08-25 12:46:58','2020-08-25 12:46:58'),(249,119,62,'2020-08-25 12:47:15','2020-08-25 12:47:15'),(250,120,105,'2020-08-25 12:48:38','2020-08-25 12:48:38'),(251,120,62,'2020-08-25 12:48:38','2020-08-25 12:48:38'),(252,121,62,'2020-08-25 12:49:02','2020-08-25 12:49:02'),(253,122,62,'2020-08-25 12:49:14','2020-08-25 12:49:14'),(254,123,62,'2020-08-25 13:22:00','2020-08-25 13:22:00'),(255,124,62,'2020-08-25 13:22:17','2020-08-25 13:22:17'),(256,125,62,'2020-08-25 13:22:54','2020-08-25 13:22:54'),(257,126,62,'2020-08-25 13:25:06','2020-08-25 13:25:06'),(258,127,62,'2020-08-25 14:06:54','2020-08-25 14:06:54'),(259,128,62,'2020-08-25 14:07:11','2020-08-25 14:07:11'),(260,129,62,'2020-08-25 14:07:31','2020-08-25 14:07:31'),(261,130,62,'2020-08-26 13:19:43','2020-08-26 13:19:43'),(262,131,62,'2020-08-26 13:20:10','2020-08-26 13:20:10'),(263,132,62,'2020-08-26 18:49:22','2020-08-26 18:49:22'),(264,133,62,'2020-08-26 18:49:46','2020-08-26 18:49:46'),(265,134,62,'2020-08-28 04:35:45','2020-08-28 04:35:45'),(266,135,105,'2020-08-28 04:46:16','2020-08-28 04:46:16'),(267,135,62,'2020-08-28 04:46:16','2020-08-28 04:46:16'),(268,136,105,'2020-08-28 04:48:47','2020-08-28 04:48:47'),(269,136,62,'2020-08-28 04:48:47','2020-08-28 04:48:47'),(270,137,62,'2020-08-28 05:25:04','2020-08-28 05:25:04'),(271,138,62,'2020-08-28 08:10:45','2020-08-28 08:10:45'),(273,140,105,'2020-08-28 19:32:24','2020-08-28 19:32:24'),(274,140,62,'2020-08-28 19:32:24','2020-08-28 19:32:24'),(275,140,48,'2020-08-28 19:32:24','2020-08-28 19:32:24'),(276,140,110,'2020-08-28 19:32:24','2020-08-28 19:32:24'),(277,140,111,'2020-08-28 19:32:24','2020-08-28 19:32:24'),(278,141,105,'2020-08-29 01:44:49','2020-08-29 01:44:49'),(279,141,62,'2020-08-29 01:44:49','2020-08-29 01:44:49'),(281,142,62,'2020-08-29 05:37:51','2020-08-29 05:37:51'),(282,146,62,'2020-08-29 11:58:37','2020-08-29 11:58:37'),(283,147,62,'2020-08-29 12:05:31','2020-08-29 12:05:31'),(284,143,62,'2020-08-30 08:59:09','2020-08-30 08:59:09'),(285,144,62,'2020-08-30 08:59:23','2020-08-30 08:59:23'),(286,145,62,'2020-08-30 08:59:57','2020-08-30 08:59:57'),(287,148,62,'2020-08-30 09:03:59','2020-08-30 09:03:59'),(288,149,62,'2020-08-30 09:04:11','2020-08-30 09:04:11'),(289,150,62,'2020-08-31 01:30:50','2020-08-31 01:30:50'),(290,151,62,'2020-09-03 08:09:53','2020-09-03 08:09:53'),(291,152,62,'2020-09-03 08:10:09','2020-09-03 08:10:09'),(292,153,62,'2020-09-03 08:36:18','2020-09-03 08:36:18'),(293,154,62,'2020-09-03 13:23:41','2020-09-03 13:23:41'),(294,155,62,'2020-09-04 04:45:30','2020-09-04 04:45:30'),(295,156,62,'2020-09-04 04:48:13','2020-09-04 04:48:13'),(296,157,62,'2020-09-04 07:12:27','2020-09-04 07:12:27'),(297,158,62,'2020-09-04 08:01:59','2020-09-04 08:01:59'),(298,159,62,'2020-09-04 08:03:43','2020-09-04 08:03:43'),(299,160,62,'2020-09-04 08:04:45','2020-09-04 08:04:45'),(300,161,62,'2020-09-04 08:13:22','2020-09-04 08:13:22'),(301,162,62,'2020-09-04 08:15:30','2020-09-04 08:15:30'),(302,163,62,'2020-09-04 08:17:55','2020-09-04 08:17:55'),(303,164,62,'2020-09-04 08:20:36','2020-09-04 08:20:36'),(304,165,62,'2020-09-04 08:33:44','2020-09-04 08:33:44'),(305,166,62,'2020-09-04 08:35:40','2020-09-04 08:35:40'),(306,167,62,'2020-09-04 08:36:22','2020-09-04 08:36:22'),(307,168,62,'2020-09-04 08:46:32','2020-09-04 08:46:32'),(308,169,62,'2020-09-04 08:48:17','2020-09-04 08:48:17'),(309,170,62,'2020-09-04 08:50:05','2020-09-04 08:50:05'),(310,171,62,'2020-09-04 08:50:42','2020-09-04 08:50:42'),(311,172,62,'2020-09-04 10:21:46','2020-09-04 10:21:46'),(312,173,62,'2020-09-04 18:42:15','2020-09-04 18:42:15'),(313,174,62,'2020-09-04 18:50:58','2020-09-04 18:50:58'),(314,175,62,'2020-09-04 18:56:03','2020-09-04 18:56:03'),(315,176,62,'2020-09-04 19:13:04','2020-09-04 19:13:04'),(316,177,62,'2020-09-04 19:14:31','2020-09-04 19:14:31'),(317,178,62,'2020-09-04 19:16:22','2020-09-04 19:16:22'),(318,179,62,'2020-09-06 19:06:20','2020-09-06 19:06:20'),(319,180,62,'2020-09-06 19:17:09','2020-09-06 19:17:09'),(320,181,62,'2020-09-07 11:43:47','2020-09-07 11:43:47'),(321,182,62,'2020-09-07 11:46:20','2020-09-07 11:46:20'),(322,183,62,'2020-09-07 12:09:45','2020-09-07 12:09:45'),(323,184,62,'2020-09-07 12:10:09','2020-09-07 12:10:09'),(325,186,62,'2020-09-07 16:20:07','2020-09-07 16:20:07'),(326,187,62,'2020-09-07 16:36:55','2020-09-07 16:36:55'),(327,139,62,'2020-09-08 04:18:04','2020-09-08 04:18:04'),(330,188,62,'2020-09-08 04:55:04','2020-09-08 04:55:04'),(331,189,62,'2020-09-08 05:29:28','2020-09-08 05:29:28'),(332,190,62,'2020-09-08 05:29:45','2020-09-08 05:29:45'),(333,191,62,'2020-09-08 05:32:27','2020-09-08 05:32:27'),(334,185,62,'2020-09-08 05:54:44','2020-09-08 05:54:44'),(335,192,62,'2020-09-09 03:59:34','2020-09-09 03:59:34'),(336,193,62,'2020-09-09 03:59:50','2020-09-09 03:59:50'),(337,194,62,'2020-09-09 04:00:10','2020-09-09 04:00:10'),(338,195,62,'2020-09-09 10:12:22','2020-09-09 10:12:22'),(339,196,62,'2020-09-09 10:19:28','2020-09-09 10:19:28'),(340,197,62,'2020-09-09 10:27:08','2020-09-09 10:27:08'),(341,198,105,'2020-09-09 13:33:11','2020-09-09 13:33:11'),(342,198,62,'2020-09-09 13:33:11','2020-09-09 13:33:11'),(343,199,62,'2020-09-10 05:28:34','2020-09-10 05:28:34'),(344,200,62,'2020-09-10 10:38:21','2020-09-10 10:38:21'),(345,201,62,'2020-09-10 11:46:23','2020-09-10 11:46:23'),(346,202,62,'2020-09-10 11:46:50','2020-09-10 11:46:50'),(347,203,62,'2020-09-10 11:50:23','2020-09-10 11:50:23'),(348,204,62,'2020-09-11 09:51:27','2020-09-11 09:51:27'),(349,205,62,'2020-09-11 10:00:03','2020-09-11 10:00:03'),(350,206,62,'2020-09-11 10:01:24','2020-09-11 10:01:24'),(351,207,62,'2020-09-14 01:37:11','2020-09-14 01:37:11'),(352,208,62,'2020-09-14 01:37:25','2020-09-14 01:37:25'),(353,209,62,'2020-09-14 01:42:48','2020-09-14 01:42:48'),(354,210,62,'2020-09-14 01:44:32','2020-09-14 01:44:32'),(355,211,62,'2020-09-14 01:45:05','2020-09-14 01:45:05');
/*!40000 ALTER TABLE `article_tag_records` ENABLE KEYS */;
UNLOCK TABLES;

--
-- Table structure for table `articles`
--

DROP TABLE IF EXISTS `articles`;
/*!40101 SET @saved_cs_client     = @@character_set_client */;
/*!40101 SET character_set_client = utf8 */;
CREATE TABLE `articles` (
  `id` bigint(20) NOT NULL AUTO_INCREMENT,
  `header` text,
  `content` text,
  `created_at` datetime NOT NULL,
  `updated_at` datetime NOT NULL,
  `category_id` bigint(20) DEFAULT NULL,
  `view` int(11) DEFAULT NULL,
  `user_id` bigint(20) DEFAULT NULL,
  `video_id` bigint(20) DEFAULT NULL,
  `status` varchar(255) DEFAULT NULL,
  `slug` varchar(255) DEFAULT NULL,
  `sensitive` tinyint(1) DEFAULT NULL,
  `uuid` varchar(255) DEFAULT NULL,
  PRIMARY KEY (`id`),
  KEY `index_articles_on_category_id` (`category_id`),
  KEY `index_articles_on_user_id` (`user_id`),
  KEY `index_articles_on_video_id` (`video_id`),
  CONSTRAINT `fk_rails_0a12baf407` FOREIGN KEY (`video_id`) REFERENCES `videos` (`id`),
  CONSTRAINT `fk_rails_3d31dad1cc` FOREIGN KEY (`user_id`) REFERENCES `users` (`id`)
) ENGINE=InnoDB AUTO_INCREMENT=212 DEFAULT CHARSET=latin1;
/*!40101 SET character_set_client = @saved_cs_client */;

--
-- Dumping data for table `articles`
--

LOCK TABLES `articles` WRITE;
/*!40000 ALTER TABLE `articles` DISABLE KEYS */;
INSERT INTO `articles` VALUES (15,'j1','','2020-07-31 18:14:47','2020-09-07 15:54:30',2,7,24,NULL,'approved','j1',1,'dc912e2bb400588d'),(16,'t1','','2020-08-01 02:27:56','2020-09-07 15:54:30',15,49,25,NULL,'approved','t1',1,'95e6d31d99d35f2c'),(17,'t2','','2020-08-01 02:28:53','2020-09-08 03:46:11',2,282,25,NULL,'approved','t2',1,'c661d170bbd9cea1'),(69,'dsfsdf','','2020-08-14 19:05:37','2020-09-07 15:54:30',16,2,35,NULL,'approved','dsfsdf',1,'c2336646d1250705'),(70,'ssds','','2020-08-15 17:24:44','2020-09-07 15:54:30',16,0,35,NULL,'approved','ssds',1,'cfeb6ae41f1e34f0'),(71,'howesi','','2020-08-15 17:24:59','2020-09-07 15:54:30',16,19,35,NULL,'approved','howesi',0,'239f292b7b53b472'),(76,'lpopo','','2020-08-16 06:38:02','2020-09-07 15:54:30',16,11,35,NULL,'approved','lpopo',0,'bacdac1e01481e96'),(77,'sdfsdfsdfdsf','','2020-08-16 06:47:35','2020-09-07 15:54:30',16,10,35,NULL,'approved','sdfsdfsdfdsf',1,'07dbb09d7f235f5a'),(82,'hello','','2020-08-20 04:44:35','2020-09-07 15:54:30',16,1,41,NULL,'approved','hello',0,'54300be156af9892'),(83,'fff','','2020-08-21 03:01:44','2020-09-07 15:54:30',16,0,35,NULL,'approved','fff',0,'c62a7269f97687f1'),(84,'video 1','xxx','2020-08-21 05:30:15','2020-09-09 04:01:24',1,29,20,NULL,'approved','video-1',0,'872805fbd8ac326f'),(85,'haha','','2020-08-22 19:15:39','2020-09-07 15:54:30',16,0,35,NULL,'approved','haha',0,'d868e84cd6c548d9'),(86,'sdsd','','2020-08-22 19:15:53','2020-09-07 15:54:30',15,0,35,NULL,'approved','sdsd',1,'b35aae71dfd847a4'),(87,'xcx','','2020-08-22 19:22:51','2020-09-07 15:54:30',15,1,35,NULL,'approved','xcx',1,'967f26676b973f3d'),(88,'cccc','','2020-08-22 19:24:14','2020-09-07 15:54:30',16,0,35,NULL,'approved','cccc',1,'70cd5384003a950c'),(89,'xxx','','2020-08-22 19:26:26','2020-09-07 15:54:30',15,3,35,NULL,'approved','xxx',1,'08b99f4c16e7ff63'),(90,'xxxxc','','2020-08-22 19:27:31','2020-09-07 15:54:30',16,4,35,NULL,'approved','xxxxc',1,'a78bfb66e852ed92'),(112,'ssfsdf','','2020-08-24 11:14:59','2020-09-07 15:54:30',16,0,35,NULL,'approved','ssfsdf',0,'37a0b5dddfb8235b'),(113,'sdfd','','2020-08-24 11:15:42','2020-09-07 15:54:30',16,0,35,NULL,'approved','sdfd',0,'2d5ae2006765181d'),(114,'xcxcv','','2020-08-25 12:15:26','2020-09-07 15:54:30',16,0,35,NULL,'approved','xcxcv',0,'83cb23ab71810d25'),(115,'zxcxzc','','2020-08-25 12:15:45','2020-09-07 15:54:30',16,0,35,NULL,'approved','zxcxzc',0,'2078d1bc879084d1'),(116,'sdsdf','','2020-08-25 12:38:09','2020-09-07 15:54:30',16,0,35,NULL,'approved','sdsdf',0,'8cdf6e9ad1626553'),(117,'12312dqwwd','','2020-08-25 12:39:21','2020-09-07 15:54:30',16,0,35,NULL,'approved','12312dqwwd',0,'1c0d3d14c06ba8a3'),(118,'sdsdfds','','2020-08-25 12:46:58','2020-09-07 15:54:30',16,0,35,NULL,'approved','sdsdfds',0,'2572f9eb773c50f7'),(119,'zxcasdqw','','2020-08-25 12:47:15','2020-09-07 15:54:30',16,0,35,NULL,'approved','zxcasdqw',0,'6c60ff8e43357cf6'),(120,'the map','','2020-08-25 12:48:38','2020-09-07 15:54:30',15,0,35,NULL,'approved','the-map',1,'f79ec436a4cfec69'),(121,'xcvxcsdw','','2020-08-25 12:49:02','2020-09-07 15:54:30',16,0,35,NULL,'approved','xcvxcsdw',0,'46388fe7b9c46326'),(122,'xcvcx','','2020-08-25 12:49:14','2020-09-07 15:56:13',16,1,35,NULL,'approved','xcvcx',0,'3bd4f4af9e5834df'),(124,'vxcx','','2020-08-25 13:22:17','2020-09-07 15:54:30',16,1,35,NULL,'approved','vxcx',0,'26a4f215b7d80237'),(131,'sdds','','2020-08-26 13:20:10','2020-09-07 15:54:30',16,2,35,NULL,'approved','sdds',0,'238766b625f727cc'),(133,'admaklmdlas','','2020-08-26 18:49:46','2020-09-07 15:54:30',16,0,35,NULL,'approved','admaklmdlas',0,'d196e9448a468ee7'),(136,'sdasdsad','','2020-08-28 04:48:47','2020-09-09 09:15:36',15,4,35,NULL,'approved','sdasdsad',1,'10526f03c184902a'),(137,'sdf','','2020-08-28 05:25:04','2020-09-07 15:54:30',16,0,35,NULL,'approved','sdf',0,'21bfc3c3340aa5b2'),(139,'com1','','2020-08-28 08:13:29','2020-09-08 04:19:41',16,31,35,NULL,'approved','com1',0,'0e857e9633c619b4'),(145,'skdlsd','','2020-08-30 08:59:56','2020-09-07 15:54:30',16,0,35,NULL,'approved','skdlsd',0,'7689c51fb9d09abf'),(146,'skdlsd','','2020-08-30 09:00:06','2020-09-07 15:54:30',16,0,35,NULL,'approved','skdlsd',0,'142efb9dd5f28fae'),(148,'skdlsd','','2020-08-30 09:03:59','2020-09-07 15:54:30',16,0,35,NULL,'approved','skdlsd',0,'22cd49ff82fb7695'),(149,'wqwq','','2020-08-30 09:04:11','2020-09-07 15:54:30',16,5,35,NULL,'approved','wqwq',0,'e57732c2188b7c26'),(150,'mdnmcnmxcn','','2020-08-31 01:30:50','2020-09-07 15:54:30',16,4,35,NULL,'approved','mdnmcnmxcn',0,'b520262ec1414a20'),(153,'zxm','','2020-09-03 08:36:18','2020-09-07 15:54:30',16,18,25,NULL,'approved','zxm',0,'1c53b15c735789b4'),(154,'xcxcv','','2020-09-04 07:03:39','2020-09-07 15:54:30',16,0,35,NULL,'deleted','xcxcv',0,'3d8437f6cf426d9c'),(155,'xcxcv','','2020-09-04 07:05:37','2020-09-07 15:54:30',16,0,35,NULL,'deleted','xcxcv',0,'c1fdb29527c08e0d'),(156,'xcxcv','','2020-09-04 07:12:23','2020-09-07 15:54:30',16,0,35,NULL,'deleted','xcxcv',0,'24670f16d183bf43'),(157,'video 3','','2020-09-04 07:12:27','2020-09-09 04:01:56',16,2,35,NULL,'','video-3',0,'671f666b3a10b745'),(158,'video 4','','2020-09-04 08:01:59','2020-09-09 04:02:06',16,0,35,NULL,'','video-4',0,'5bf4c6efe5bdd4b4'),(159,'video 5','','2020-09-04 08:03:43','2020-09-09 04:02:20',16,0,35,NULL,'','video-5',0,'20e1abe985c56680'),(160,'upload','','2020-09-04 08:04:45','2020-09-07 15:54:30',16,0,35,NULL,'deleted','upload',0,'bc41abd67c8b0c69'),(161,'video 7','','2020-09-04 08:13:22','2020-09-09 04:05:50',16,0,35,NULL,'','video-7',0,'6f96f2fcfb0953f1'),(162,'video 8','','2020-09-04 08:15:30','2020-09-09 04:05:42',16,1,35,NULL,'approved','video-8',0,'943096454d010062'),(163,'video 9','','2020-09-04 08:17:55','2020-09-09 04:05:33',16,0,35,NULL,'','video-9',0,'a411ad91af9b9352'),(164,'video 10','','2020-09-04 08:20:36','2020-09-09 18:39:29',16,24,35,NULL,'approved','video-10',0,'84e0bfa3003d7d4e'),(165,'video 11','','2020-09-04 08:33:44','2020-09-09 04:04:57',16,0,35,NULL,'approved','video-11',0,'487d5d1149e6f6d7'),(166,'video 12','','2020-09-04 08:35:40','2020-09-12 17:58:07',16,5,35,NULL,'approved','video-12',0,'94aaa7be3975a80f'),(167,'video 13','','2020-09-04 08:36:22','2020-09-09 04:04:39',16,0,35,NULL,'approved','video-13',0,'dd5bd1ccfadb146d'),(168,'video 14','','2020-09-04 08:46:32','2020-09-09 04:04:30',16,0,35,NULL,'','video-14',0,'64c7a77a01b0857f'),(169,'video 15','','2020-09-04 08:48:17','2020-09-09 04:04:16',16,0,35,NULL,'approved','video-15',0,'0d10360040748c2a'),(170,'adasdasd','','2020-09-04 08:50:05','2020-09-07 15:54:30',16,0,35,NULL,'approved','adasdasd',0,'8f1368e4509f0643'),(171,'asdkaklsd','','2020-09-04 08:50:42','2020-09-07 15:54:30',16,0,35,NULL,'deleted','asdkaklsd',0,'3e77c2b333e9152a'),(172,'sdasd','','2020-09-04 10:21:46','2020-09-07 15:54:30',16,0,35,NULL,'deleted','sdasd',0,'ac6b825847db8df9'),(173,'video 18','','2020-09-04 18:42:15','2020-09-09 04:03:51',16,0,35,NULL,'','video-18',0,'8003bc28c3e254bb'),(174,'video 19','','2020-09-04 18:50:58','2020-09-09 04:03:25',16,0,35,NULL,'approved','video-19',0,'ec0c70e3aef1c791'),(175,'video 20','','2020-09-04 18:56:03','2020-09-09 04:03:14',16,0,35,NULL,'approved','video-20',0,'ba1eb78d857e9468'),(176,'video 21','','2020-09-04 19:13:04','2020-09-12 18:04:24',16,3,35,NULL,'approved','video-21',0,'2a6bef830a593082'),(177,'video 22','','2020-09-04 19:14:31','2020-09-09 04:02:51',16,0,35,NULL,'approved','video-22',0,'ab59be4e55a13c43'),(178,'video 23','','2020-09-04 19:16:22','2020-09-09 04:02:38',16,0,35,NULL,'','video-23',0,'ff3d42b1f9b8e7fb'),(179,'sdsd','','2020-09-06 19:06:20','2020-09-07 15:54:30',16,1,35,NULL,'approved','sdsd',0,'2dbc7169f6e3f649'),(180,'qekqlwke','','2020-09-06 19:17:09','2020-09-07 15:54:30',16,0,35,NULL,'deleted','qekqlwke',0,'98f8f0fe679f9ffc'),(181,'ekrler','','2020-09-07 11:43:20','2020-09-07 15:54:30',16,0,35,NULL,'approved','ekrler',0,'0b24284fa78761c0'),(182,'howd','','2020-09-07 11:46:20','2020-09-07 16:12:54',16,3,35,NULL,'approved','howd',0,'dde3a5c3f8efff98'),(183,'sddsf','','2020-09-07 12:09:43','2020-09-07 16:04:16',16,1,35,NULL,'approved','sddsf',0,'03a65c9f50a0382f'),(184,'dfsdf','','2020-09-07 12:10:03','2020-09-07 15:54:30',16,0,35,NULL,'deleted','dfsdf',0,'962e8eb86e843fd8'),(185,'sdsdfsdf dadklajsda asjdajsdlajs ejqlweklqw','','2020-09-07 13:10:14','2020-09-08 05:55:13',16,16,35,NULL,'approved','sdsdfsdf-dadklajsda-asjdajsdlajs-ejqlweklqw',0,'122bd06dba3e0c62'),(186,'howede','','2020-09-07 16:20:07','2020-09-08 04:01:35',16,8,35,NULL,'approved','howede',0,'a1f218baa529f86f'),(187,'skdlds','','2020-09-07 16:36:55','2020-09-08 11:44:50',16,37,35,NULL,'approved','skdlds',0,'5cabb6a01aa875a8'),(188,'commn1','','2020-09-08 04:29:11','2020-09-08 05:23:55',16,11,35,NULL,'deleted','commn1',0,'9cbb02adcff9d1c3'),(189,'dsdfsd','','2020-09-08 05:29:28','2020-09-08 05:29:36',16,1,35,NULL,'deleted','dsdfsd',0,'c06173b1b1272a69'),(190,'sdfsdf','','2020-09-08 05:29:45','2020-09-08 05:29:52',16,0,35,NULL,'deleted','sdfsdf',0,'b7c18954b1a3a453'),(191,'see','','2020-09-08 05:32:27','2020-09-08 05:32:35',16,0,35,NULL,'deleted','see',0,'2f0fbc81b2266f0d'),(192,'video 24','','2020-09-09 03:59:34','2020-09-09 03:59:34',16,0,35,NULL,'approved','video-24',0,'b0128e0b0ec4733f'),(193,'videos 25','','2020-09-09 03:59:50','2020-09-09 03:59:50',16,0,35,NULL,'approved','videos-25',0,'1824397223a5ae6a'),(194,'videos 26','','2020-09-09 04:00:10','2020-09-09 04:00:10',16,0,35,NULL,'approved','videos-26',0,'36ddfb925d6991a8'),(195,',fmfg','','2020-09-09 10:12:22','2020-09-09 10:12:22',16,0,35,NULL,'approved','fmfg',0,'f5a36288b2c6f99e'),(196,'dfdf','','2020-09-09 10:17:45','2020-09-09 10:17:45',16,0,35,NULL,'approved','dfdf',0,'4f6c83975e22b15d'),(197,'lsflskdllsd','','2020-09-09 10:27:03','2020-09-09 10:27:03',16,0,35,NULL,'approved','lsflskdllsd',0,'114f7d6ff05bb392'),(198,'sffsdf','','2020-09-09 13:33:11','2020-09-09 13:33:22',15,1,35,NULL,'approved','sffsdf',1,'f31ce3e41bc6ff0a'),(199,'jdjkdk','','2020-09-10 05:28:34','2020-09-10 05:28:34',16,0,35,NULL,'approved','jdjkdk',0,'84526685591669c9'),(200,'sklsd','','2020-09-10 10:38:21','2020-09-10 10:38:21',16,0,35,NULL,'approved','sklsd',0,'72a905d510049adc'),(201,'ssss','','2020-09-10 11:46:23','2020-09-10 11:46:23',16,0,35,NULL,'approved','ssss',0,'353dfa851c94fbce'),(202,'ddddd','','2020-09-10 11:46:50','2020-09-10 11:46:50',16,0,35,NULL,'approved','ddddd',0,'b61a548e0b858204'),(203,'dfddfd','','2020-09-10 11:50:23','2020-09-10 11:50:23',16,0,35,NULL,'approved','dfddfd',0,'cff197a771fad6ca'),(204,'sddsss','','2020-09-11 09:51:27','2020-09-11 09:59:34',16,6,35,NULL,'approved','sddsss',0,'37944f6ce1bd30ce'),(205,'dddd','','2020-09-11 10:00:03','2020-09-11 10:00:16',16,1,35,NULL,'approved','dddd',0,'de114031bebd7c21'),(206,'sssss','','2020-09-11 10:01:24','2020-09-12 17:54:32',16,58,35,NULL,'approved','sssss',0,'e276cb8845339088'),(207,'ssss','','2020-09-14 01:37:11','2020-09-14 01:37:14',16,1,35,NULL,'approved','ssss',0,'gnaDbZKLzsuzoWvz'),(208,'ssssmmcmxc','','2020-09-14 01:37:24','2020-09-14 01:38:59',16,3,35,NULL,'approved','ssssmmcmxc',0,'PDpKTXv6na2bp0nc'),(209,'ddd','','2020-09-14 01:42:48','2020-09-14 01:42:48',16,0,54,NULL,'approved','ddd',0,'bQnqciKhHW'),(210,'kkdkdk','','2020-09-14 01:44:32','2020-09-14 01:44:35',16,1,54,NULL,'approved','kkdkdk',0,'WOqK8i7FBq'),(211,'lsl','','2020-09-14 01:45:05','2020-09-14 03:59:27',16,3,54,NULL,'approved','lsl',0,'PJTdYuXjUR');
/*!40000 ALTER TABLE `articles` ENABLE KEYS */;
UNLOCK TABLES;

--
-- Table structure for table `categories`
--

DROP TABLE IF EXISTS `categories`;
/*!40101 SET @saved_cs_client     = @@character_set_client */;
/*!40101 SET character_set_client = utf8 */;
CREATE TABLE `categories` (
  `id` bigint(20) NOT NULL AUTO_INCREMENT,
  `name` varchar(255) DEFAULT NULL,
  `icon` varchar(255) DEFAULT NULL,
  `created_at` datetime NOT NULL,
  `updated_at` datetime NOT NULL,
  `appicon` varchar(255) DEFAULT NULL,
  `description` text,
  `slug` varchar(255) DEFAULT NULL,
  PRIMARY KEY (`id`)
) ENGINE=InnoDB AUTO_INCREMENT=17 DEFAULT CHARSET=latin1;
/*!40101 SET character_set_client = @saved_cs_client */;

--
-- Dumping data for table `categories`
--

LOCK TABLES `categories` WRITE;
/*!40000 ALTER TABLE `categories` DISABLE KEYS */;
INSERT INTO `categories` VALUES (1,'wdqe','hotdog','2020-07-26 09:26:34','2020-07-26 09:26:34','qwe','','wdqe'),(2,'qweq','hotdog','2020-07-26 09:26:34','2020-07-26 09:26:34','','','qweq'),(3,'qweqasdads','hotdog','2020-07-26 09:26:34','2020-07-26 09:26:34','','','qweqasdads'),(4,'sdsdfsdf','hotdog','2020-08-01 15:14:40','2020-08-01 15:14:40','','','sdsdfsdf'),(5,'cate4','hotdog','2020-08-01 15:14:54','2020-08-01 15:14:54','','','cate4'),(6,'cate6','hotdog','2020-08-01 15:15:10','2020-08-01 15:15:10','','','cate6'),(7,'cate7','hotdog','2020-08-01 15:15:24','2020-08-01 15:15:24','','','cate7'),(8,'cate8','hotdog','2020-08-01 15:15:36','2020-08-01 15:15:36','','','cate8'),(9,'cate9','hotdog','2020-08-01 15:15:55','2020-08-01 15:15:55','','','cate9'),(10,'cate10','hotdog','2020-08-01 15:16:04','2020-08-01 15:16:04','','','cate10'),(11,'cate11','hotdog','2020-08-01 15:16:10','2020-08-01 15:16:10','','','cate11'),(12,'asdsad','hotdog','2020-08-01 15:40:52','2020-08-01 15:40:52','','','asdsad'),(13,'sczxczxc','hotdog','2020-08-01 15:40:58','2020-08-01 15:40:58','','','sczxczxc'),(14,'zxczxcasqwe','hotdog','2020-08-01 15:41:24','2020-08-01 15:41:24','','','zxczxcasqwe'),(15,'NSFW','hotdog','2020-08-01 15:41:35','2020-08-22 19:38:28','','','nsfw'),(16,'Fun','hotdog','2020-08-02 14:08:47','2020-08-13 10:36:02','hotdog','','fun');
/*!40000 ALTER TABLE `categories` ENABLE KEYS */;
UNLOCK TABLES;

--
-- Table structure for table `comments`
--

DROP TABLE IF EXISTS `comments`;
/*!40101 SET @saved_cs_client     = @@character_set_client */;
/*!40101 SET character_set_client = utf8 */;
CREATE TABLE `comments` (
  `id` bigint(20) NOT NULL AUTO_INCREMENT,
  `content` text,
  `article_id` bigint(20) DEFAULT NULL,
  `user_id` bigint(20) DEFAULT NULL,
  `created_at` datetime NOT NULL,
  `updated_at` datetime NOT NULL,
  `points` int(11) DEFAULT NULL,
  `votefight_id` bigint(20) DEFAULT NULL,
  PRIMARY KEY (`id`),
  KEY `index_comments_on_article_id` (`article_id`),
  KEY `index_comments_on_user_id` (`user_id`),
  KEY `index_comments_on_votefight_id` (`votefight_id`),
  CONSTRAINT `fk_rails_03de2dc08c` FOREIGN KEY (`user_id`) REFERENCES `users` (`id`),
  CONSTRAINT `fk_rails_3bf61a60d3` FOREIGN KEY (`article_id`) REFERENCES `articles` (`id`),
  CONSTRAINT `fk_rails_a01f6b22c1` FOREIGN KEY (`votefight_id`) REFERENCES `votefights` (`id`)
) ENGINE=InnoDB AUTO_INCREMENT=207 DEFAULT CHARSET=latin1;
/*!40101 SET character_set_client = @saved_cs_client */;

--
-- Dumping data for table `comments`
--

LOCK TABLES `comments` WRITE;
/*!40000 ALTER TABLE `comments` DISABLE KEYS */;
INSERT INTO `comments` VALUES (59,'fasfas',NULL,22,'2020-07-26 11:44:55','2020-07-26 11:44:55',0,1),(60,'hey bro ...',NULL,22,'2020-07-26 11:45:03','2020-07-26 11:45:03',0,1),(61,'how come it sflex :D',NULL,22,'2020-07-26 11:45:10','2020-07-26 11:45:10',0,1),(62,'sdzxczvc',NULL,21,'2020-07-26 13:01:51','2020-07-26 13:01:51',0,1),(63,'czxcasd',NULL,21,'2020-07-26 13:02:45','2020-07-26 13:02:45',0,1),(67,'asdaasdczx',17,25,'2020-08-01 18:55:11','2020-08-01 18:55:11',0,NULL),(69,'sdsdfds',16,25,'2020-08-02 11:00:51','2020-08-02 11:00:51',0,NULL),(149,'dfv',17,35,'2020-08-16 06:35:04','2020-08-16 06:35:04',0,NULL),(150,'sdfsd',77,35,'2020-08-16 06:57:37','2020-08-16 06:57:37',0,NULL),(151,'asdxzczx\n',77,35,'2020-08-16 06:57:40','2020-08-16 06:57:40',0,NULL),(152,'sdfsdf',76,35,'2020-08-16 07:01:31','2020-08-16 07:01:31',0,NULL),(153,'zxczxc',76,35,'2020-08-16 07:01:32','2020-08-16 07:01:32',0,NULL),(154,'wqeqwe23e2',76,35,'2020-08-16 07:01:34','2020-08-16 07:01:34',0,NULL),(158,'ss',17,35,'2020-08-19 03:04:31','2020-08-19 03:04:31',0,NULL),(159,'asds',17,35,'2020-08-19 03:05:06','2020-08-19 03:05:06',0,NULL),(160,'sd',82,41,'2020-08-20 10:20:51','2020-08-20 10:20:51',0,NULL),(162,'cc',84,35,'2020-08-22 14:59:08','2020-08-22 14:59:08',0,NULL),(165,'cc',84,35,'2020-08-22 15:00:09','2020-08-22 15:00:09',0,NULL),(166,'cc',84,35,'2020-08-22 15:00:30','2020-08-22 15:00:30',0,NULL),(167,'skdjlkadlksaj',139,35,'2020-08-29 14:34:07','2020-08-29 14:34:07',0,NULL),(168,'czxjclkalks',139,35,'2020-08-29 14:34:19','2020-08-29 14:34:19',0,NULL),(169,'11\n\nIs there a problem doing\n\n[data.statuses].concat(allStatuses);\nIf you are using ES6, you can do\n\nvar newStatuses = [data.statuses, ...allStatuses]\nshare  edit  follow \nanswered Jan 20 \'16 at 15:25',139,35,'2020-08-29 18:20:00','2020-08-29 18:20:00',0,NULL),(170,'sdfkdslkf',149,35,'2020-08-30 09:40:03','2020-08-30 09:40:03',0,NULL),(171,'ewdwed',179,35,'2020-09-07 11:30:19','2020-09-07 11:30:19',0,NULL),(172,'sdklsd',NULL,35,'2020-09-07 18:50:30','2020-09-07 18:50:30',0,NULL),(173,'fmskdmfklsd',NULL,35,'2020-09-07 18:54:19','2020-09-07 18:54:19',0,NULL),(174,'comment 1',NULL,35,'2020-09-07 18:57:51','2020-09-07 18:57:51',0,NULL),(175,'wewer',NULL,35,'2020-09-07 18:59:40','2020-09-07 18:59:40',0,NULL),(176,'comment1',NULL,35,'2020-09-07 18:59:55','2020-09-07 18:59:55',0,NULL),(177,'sdfsdf',NULL,35,'2020-09-07 19:05:43','2020-09-07 19:05:43',0,NULL),(178,'dfdf',17,35,'2020-09-07 19:07:25','2020-09-07 19:07:25',0,NULL),(179,'profess',17,35,'2020-09-07 19:07:31','2020-09-07 19:07:31',0,NULL),(180,'fsd',NULL,35,'2020-09-08 04:05:52','2020-09-08 04:05:52',0,NULL),(181,'skdlsdlksld',NULL,35,'2020-09-08 04:06:39','2020-09-08 04:06:39',0,NULL),(182,'asasd',NULL,35,'2020-09-08 04:08:58','2020-09-08 04:08:58',0,NULL),(183,'sd,sndmmsd',NULL,35,'2020-09-08 04:10:35','2020-09-08 04:10:35',0,NULL),(184,'sdf',139,35,'2020-09-08 04:14:05','2020-09-08 04:14:05',0,NULL),(185,'comment 1',139,35,'2020-09-08 04:14:17','2020-09-08 04:14:17',0,NULL),(186,'skdllsd',188,35,'2020-09-08 04:51:10','2020-09-08 04:51:10',0,NULL),(187,'sdkasldlasd',185,35,'2020-09-08 05:54:34','2020-09-08 05:54:34',0,NULL),(188,'kalsdjalsdj',185,35,'2020-09-08 05:54:51','2020-09-08 05:54:51',0,NULL),(189,'com1',185,35,'2020-09-08 05:54:55','2020-09-08 05:54:55',0,NULL),(190,'askdalsd',187,35,'2020-09-08 05:57:39','2020-09-08 05:57:39',0,NULL),(191,'sdkflsd',187,25,'2020-09-08 06:19:15','2020-09-08 06:19:15',0,NULL),(192,'lolol',NULL,35,'2020-09-08 09:08:29','2020-09-08 09:08:29',0,NULL),(193,'xcxc',NULL,35,'2020-09-08 09:16:46','2020-09-08 09:16:46',0,NULL),(194,'comm1',187,35,'2020-09-08 09:27:15','2020-09-08 09:27:15',0,NULL),(195,'sdmsmdmsda;sdla;sd',164,35,'2020-09-09 18:08:05','2020-09-09 18:08:05',0,NULL),(196,'sdsldk',164,35,'2020-09-09 18:12:19','2020-09-09 18:12:19',0,NULL),(197,'asjdljadljajlsd',206,35,'2020-09-11 15:37:39','2020-09-11 15:37:39',0,NULL),(198,'slskdlsd',206,35,'2020-09-11 15:45:28','2020-09-11 15:45:28',0,NULL),(199,'qsd\n',206,35,'2020-09-11 15:55:09','2020-09-11 15:55:09',0,NULL),(200,'asdas',206,35,'2020-09-11 15:55:10','2020-09-11 15:55:10',0,NULL),(201,'qweqwe',206,35,'2020-09-11 15:55:11','2020-09-11 15:55:11',0,NULL),(202,'asdasd',206,35,'2020-09-11 15:55:12','2020-09-11 15:55:12',0,NULL),(203,'asdasd',206,35,'2020-09-11 15:55:13','2020-09-11 15:55:13',0,NULL),(204,'zxczxc',206,35,'2020-09-11 15:55:14','2020-09-11 15:55:14',0,NULL),(205,'asdasdqwe',206,35,'2020-09-11 15:55:15','2020-09-11 15:55:15',0,NULL),(206,'asdasdzzxc',206,35,'2020-09-11 15:55:17','2020-09-11 15:55:17',0,NULL);
/*!40000 ALTER TABLE `comments` ENABLE KEYS */;
UNLOCK TABLES;

--
-- Table structure for table `competitions`
--

DROP TABLE IF EXISTS `competitions`;
/*!40101 SET @saved_cs_client     = @@character_set_client */;
/*!40101 SET character_set_client = utf8 */;
CREATE TABLE `competitions` (
  `id` bigint(20) NOT NULL AUTO_INCREMENT,
  `name` varchar(255) DEFAULT NULL,
  `description` text,
  `term` text,
  `status` varchar(255) DEFAULT NULL,
  `start` datetime DEFAULT NULL,
  `end` datetime DEFAULT NULL,
  `created_at` datetime NOT NULL,
  `updated_at` datetime NOT NULL,
  PRIMARY KEY (`id`)
) ENGINE=InnoDB AUTO_INCREMENT=7 DEFAULT CHARSET=latin1;
/*!40101 SET character_set_client = @saved_cs_client */;

--
-- Dumping data for table `competitions`
--

LOCK TABLES `competitions` WRITE;
/*!40000 ALTER TABLE `competitions` DISABLE KEYS */;
INSERT INTO `competitions` VALUES (1,'comp1','vla','zlczlx','inactive','2015-02-20 18:18:00','2015-09-23 18:18:00','2020-08-20 12:03:55','2020-09-09 10:03:43'),(4,'comt_37_2020','user ranks competitions',NULL,'inactive','2020-09-13 17:00:00','2020-09-20 16:59:59','2020-09-09 10:08:03','2020-09-09 10:11:27'),(6,'competition_37_2020','user ranks competitions',NULL,'active','2020-09-13 17:00:00','2020-09-20 16:59:59','2020-09-09 10:20:00','2020-09-09 10:20:00');
/*!40000 ALTER TABLE `competitions` ENABLE KEYS */;
UNLOCK TABLES;

--
-- Table structure for table `competitors`
--

DROP TABLE IF EXISTS `competitors`;
/*!40101 SET @saved_cs_client     = @@character_set_client */;
/*!40101 SET character_set_client = utf8 */;
CREATE TABLE `competitors` (
  `id` bigint(20) NOT NULL AUTO_INCREMENT,
  `user_id` bigint(20) DEFAULT NULL,
  `competition_id` bigint(20) DEFAULT NULL,
  `paypalaccount` varchar(255) DEFAULT NULL,
  `totalpoints` int(11) DEFAULT NULL,
  `ranking` int(11) DEFAULT NULL,
  `created_at` datetime NOT NULL,
  `updated_at` datetime NOT NULL,
  PRIMARY KEY (`id`),
  KEY `index_competitors_on_user_id` (`user_id`),
  KEY `index_competitors_on_competition_id` (`competition_id`),
  CONSTRAINT `fk_rails_597e1000fd` FOREIGN KEY (`user_id`) REFERENCES `users` (`id`),
  CONSTRAINT `fk_rails_dd26e2b9ca` FOREIGN KEY (`competition_id`) REFERENCES `competitions` (`id`)
) ENGINE=InnoDB AUTO_INCREMENT=9 DEFAULT CHARSET=latin1;
/*!40101 SET character_set_client = @saved_cs_client */;

--
-- Dumping data for table `competitors`
--

LOCK TABLES `competitors` WRITE;
/*!40000 ALTER TABLE `competitors` DISABLE KEYS */;
INSERT INTO `competitors` VALUES (1,41,1,'',150,NULL,'2020-08-20 12:04:37','2020-08-20 13:07:53'),(2,25,1,'',180,NULL,'2020-08-20 12:05:04','2020-08-20 13:07:43'),(3,35,1,NULL,7661,NULL,'2020-08-20 17:00:13','2020-08-20 17:00:13'),(4,20,1,NULL,255,NULL,'2020-08-21 05:30:15','2020-08-21 05:30:15'),(6,35,6,NULL,412,NULL,'2020-09-09 10:27:08','2020-09-09 10:27:08'),(7,25,6,NULL,40,NULL,'2020-09-11 15:35:36','2020-09-11 15:35:36'),(8,54,6,NULL,60,NULL,'2020-09-14 01:42:48','2020-09-14 01:42:48');
/*!40000 ALTER TABLE `competitors` ENABLE KEYS */;
UNLOCK TABLES;

--
-- Table structure for table `counters`
--

DROP TABLE IF EXISTS `counters`;
/*!40101 SET @saved_cs_client     = @@character_set_client */;
/*!40101 SET character_set_client = utf8 */;
CREATE TABLE `counters` (
  `id` bigint(20) NOT NULL AUTO_INCREMENT,
  `countingobj` varchar(255) DEFAULT NULL,
  `count` bigint(20) DEFAULT NULL,
  `status` varchar(255) DEFAULT NULL,
  `countertype` varchar(255) DEFAULT NULL,
  `created_at` datetime DEFAULT NULL,
  `updated_at` datetime DEFAULT NULL,
  PRIMARY KEY (`id`)
) ENGINE=InnoDB AUTO_INCREMENT=11 DEFAULT CHARSET=latin1;
/*!40101 SET character_set_client = @saved_cs_client */;

--
-- Dumping data for table `counters`
--

LOCK TABLES `counters` WRITE;
/*!40000 ALTER TABLE `counters` DISABLE KEYS */;
INSERT INTO `counters` VALUES (2,'total_article',57,'approved','row_count',NULL,NULL),(3,'user_35',8,'approved','user_article_count',NULL,'2020-09-10 11:41:36'),(9,'user_35',3,'approved','user_password_changed','2020-09-08 15:24:05','2020-09-08 15:42:24'),(10,'user_54',3,'approved','user_article_count','2020-09-14 01:42:48','2020-09-14 01:42:48');
/*!40000 ALTER TABLE `counters` ENABLE KEYS */;
UNLOCK TABLES;

--
-- Table structure for table `faqs`
--

DROP TABLE IF EXISTS `faqs`;
/*!40101 SET @saved_cs_client     = @@character_set_client */;
/*!40101 SET character_set_client = utf8 */;
CREATE TABLE `faqs` (
  `id` bigint(20) NOT NULL AUTO_INCREMENT,
  `question` text,
  `question_anchor` text,
  `answer` text,
  `created_at` datetime NOT NULL,
  `updated_at` datetime NOT NULL,
  PRIMARY KEY (`id`)
) ENGINE=InnoDB DEFAULT CHARSET=latin1;
/*!40101 SET character_set_client = @saved_cs_client */;

--
-- Dumping data for table `faqs`
--

LOCK TABLES `faqs` WRITE;
/*!40000 ALTER TABLE `faqs` DISABLE KEYS */;
/*!40000 ALTER TABLE `faqs` ENABLE KEYS */;
UNLOCK TABLES;

--
-- Table structure for table `feedbacks`
--

DROP TABLE IF EXISTS `feedbacks`;
/*!40101 SET @saved_cs_client     = @@character_set_client */;
/*!40101 SET character_set_client = utf8 */;
CREATE TABLE `feedbacks` (
  `id` bigint(20) NOT NULL AUTO_INCREMENT,
  `user_id` varchar(255) DEFAULT NULL,
  `email` varchar(255) DEFAULT NULL,
  `is_anonymous` tinyint(1) DEFAULT NULL,
  `content` varchar(255) DEFAULT NULL,
  `rating` int(11) DEFAULT NULL,
  `feedback_type` varchar(255) DEFAULT NULL,
  `username` varchar(255) DEFAULT NULL,
  `created_at` datetime DEFAULT NULL,
  `updated_at` datetime DEFAULT NULL,
  PRIMARY KEY (`id`)
) ENGINE=InnoDB AUTO_INCREMENT=40 DEFAULT CHARSET=latin1;
/*!40101 SET character_set_client = @saved_cs_client */;

--
-- Dumping data for table `feedbacks`
--

LOCK TABLES `feedbacks` WRITE;
/*!40000 ALTER TABLE `feedbacks` DISABLE KEYS */;
INSERT INTO `feedbacks` VALUES (1,'quang','quang@gmail.com',1,'asdaskdnlnnqknefl',5,'feedback',NULL,NULL,NULL),(2,'quang','quang@gmail.com',1,'asdaskdnlnnqknefl',5,'feedback','asdasd',NULL,NULL),(3,'quang','quang@gmail.com',1,'asdaskdnlnnqknefl',5,'feedback','asdasd',NULL,NULL),(4,'uuid-1','quang@gmail.com',1,'asdaskdnlnnqknefl',5,'feedback','asdasd',NULL,NULL),(5,'20','tuan@gmail.com',1,'asdaskdnlnnqknefl',5,'feedback','tuan@gmail.com',NULL,NULL),(6,'dasd','zvcvz',1,'asdaskdnlnnqknefl',5,'feedback','asdasd',NULL,NULL),(7,'35','tuanvu0695@gmail.com',0,'sddsfd',5,'1','Tuan Vu',NULL,NULL),(8,'35','tuanvu0695@gmail.com',0,'asdnfakndlasnd',5,'feedback','Tuan Vu','2020-08-31 04:52:11','2020-08-31 04:57:16'),(9,'35','tuanvu0695@gmail.com',0,'sdfsmdklfmklxcv',5,'feedback','Tuan Vu','2020-08-31 04:53:06','2020-08-31 04:54:18'),(10,'35','tuanvu0695@gmail.com',0,'feedback1',5,'feedback','Tuan Vu','2020-08-31 04:57:26','2020-08-31 04:58:18'),(11,'35','tuanvu0695@gmail.com',0,'sdfdsff',5,'feedback','Tuan Vu','2020-08-31 04:59:12','2020-08-31 04:59:12'),(12,'35','tuanvu0695@gmail.com',0,'fedba1',5,'feedback','Tuan Vu','2020-08-31 04:59:41','2020-08-31 04:59:41'),(13,'35','tuanvu0695@gmail.com',0,'sdklflksdfm',5,'bug','Tuan Vu','2020-08-31 05:00:00','2020-08-31 05:00:00'),(14,'814dcfe-d62f-c1fe-1d71-61ed05416f5','tuanvu0695@gmail.comzz',1,'bu1',5,'bug','vt5635t','2020-08-31 05:05:43','2020-08-31 05:05:43'),(15,'35','tuanvu0695@gmail.com',0,'adadasd',5,'feedback','Tuan Vu','2020-08-31 05:12:09','2020-08-31 05:12:09'),(16,'35','tuanvu0695@gmail.com',0,'prothat ',5,'feedback','Tuan Vu','2020-08-31 05:12:14','2020-08-31 05:12:14'),(17,'35','tuanvu0695@gmail.com',0,'asdasd',5,'feedback','Tuan Vu','2020-08-31 05:13:16','2020-08-31 05:13:16'),(18,'35','tuanvu0695@gmail.com',0,'asdasd',5,'feedback','Tuan Vu','2020-08-31 05:14:12','2020-08-31 05:14:12'),(19,'bacef32-d1b7-78a8-02b5-3851efaf887','tuanvu0695@gmail.comxx',1,'fake',5,'feedback','tuan fake','2020-08-31 05:15:52','2020-08-31 05:15:52'),(20,'35','tuanvu0695@gmail.com',0,'kldlaldklasd',5,'feedback','Tuan Vu','2020-08-31 05:24:19','2020-08-31 05:24:19'),(21,'8adc64f-2002-a2e-fe1d-786fa2cbf76','tuanvu0695@gmail.com',1,'sdasd',5,'bug','sddsf','2020-08-31 05:36:47','2020-08-31 05:36:47'),(22,'8adc64f-2002-a2e-fe1d-786fa2cbf76','tuanvu0695@gmail.com',1,'adnlkasnkdlnaskldn',5,'bug','vt5635t','2020-08-31 05:36:56','2020-08-31 05:36:56'),(23,'8adc64f-2002-a2e-fe1d-786fa2cbf76','tuanvu0695@gmail.com',1,'asdasdas;mda;ksd',5,'feedback','vt5635t','2020-08-31 05:37:32','2020-08-31 05:37:32'),(24,'8adc64f-2002-a2e-fe1d-786fa2cbf76','tuanvu0695@gmail.com',1,'asdasld',5,'new feature','asdalsd','2020-08-31 05:37:47','2020-08-31 05:37:47'),(25,'8adc64f-2002-a2e-fe1d-786fa2cbf76','tuanvu0695@gmail.com',1,'aksdkasd',3,'feedback','adasd','2020-08-31 05:40:41','2020-08-31 05:40:41'),(26,'35','tuanvu0695@gmail.com',0,'asldkalsdlkasd',5,'feedback','Tuan Vu','2020-08-31 05:40:57','2020-08-31 05:40:57'),(27,'35','tuanvu0695@gmail.com',0,'slskdksdf',5,'feedback','Tuan Vu','2020-08-31 05:42:38','2020-08-31 05:42:38'),(28,'35','tuanvu0695@gmail.com',0,'akdklasdkl',5,'feedback','Tuan Vu','2020-08-31 05:43:39','2020-08-31 05:43:39'),(29,'35','tuanvu0695@gmail.com',0,'fb1',5,'feedback','Tuan Vu','2020-08-31 05:43:46','2020-08-31 05:43:46'),(30,'d48e587-af-ade0-c5f4-7a22f31474d8','asds@awd',1,'alsdklsa',5,'new feature','asd','2020-08-31 05:46:13','2020-08-31 05:46:13'),(31,'d48e587-af-ade0-c5f4-7a22f31474d8','tuanvu0695@gmail.com',1,'alsd',5,'new feature','vt5635t','2020-08-31 05:46:20','2020-08-31 05:46:20'),(32,'2c11066-4fe7-8788-8621-decd21c4bb2d','tuanvu0695@gmail.com',1,'aasdsad',5,'feedback','vt5635t','2020-08-31 05:46:57','2020-08-31 05:46:57'),(33,'6d776a8-dc51-0068-2d3-db3fa3ae5c','tuanvu0695@gmail.com',1,'sdf',5,'feedback','sdsd','2020-08-31 10:18:04','2020-08-31 10:18:04'),(34,'6d776a8-dc51-0068-2d3-db3fa3ae5c','tuanvu0695@gmail.com',1,'sdfsdf',5,'feedback','phong.vuong008@gmail.com','2020-08-31 10:20:11','2020-08-31 10:20:11'),(35,'6d776a8-dc51-0068-2d3-db3fa3ae5c','tuanvu0695@gmail.com',1,'sdfsdlkf',5,'feedback','vt5635t','2020-08-31 10:21:02','2020-08-31 10:21:02'),(36,'6d776a8-dc51-0068-2d3-db3fa3ae5c','tuanvu0695@gmail.com',1,'sdsdlfsl;f',5,'feedback','phong.vuong008@gmail.com','2020-08-31 10:21:33','2020-08-31 10:21:33'),(37,'6d776a8-dc51-0068-2d3-db3fa3ae5c','tuanvu0695@gmail.com',1,'asmf;a;dasm;la',5,'feedback','vt5635t','2020-08-31 10:22:14','2020-08-31 10:22:14'),(38,'35','tuanvu0695@gmail.com',0,'kldslkclkmcas',5,'feedback','Tuan Vu','2020-08-31 10:22:28','2020-08-31 10:22:28'),(39,'35','tuanvu0695@gmail.com',0,'How to upload videos to Firebase Storage for React App ...stackoverflow.com › questions › how-to-upload-videos...\nMay 21, 2020 - May be is worth stating again that video files are compressed by defaul',5,'feedback','Tuan Vu','2020-08-31 11:15:35','2020-08-31 11:15:35');
/*!40000 ALTER TABLE `feedbacks` ENABLE KEYS */;
UNLOCK TABLES;

--
-- Table structure for table `fight_candi_recs`
--

DROP TABLE IF EXISTS `fight_candi_recs`;
/*!40101 SET @saved_cs_client     = @@character_set_client */;
/*!40101 SET character_set_client = utf8 */;
CREATE TABLE `fight_candi_recs` (
  `id` bigint(20) NOT NULL AUTO_INCREMENT,
  `vote_candidate_id` bigint(20) DEFAULT NULL,
  `votefight_id` bigint(20) DEFAULT NULL,
  PRIMARY KEY (`id`),
  KEY `index_fight_candi_recs_on_vote_candidate_id` (`vote_candidate_id`),
  KEY `index_fight_candi_recs_on_votefight_id` (`votefight_id`)
) ENGINE=InnoDB AUTO_INCREMENT=12 DEFAULT CHARSET=latin1;
/*!40101 SET character_set_client = @saved_cs_client */;

--
-- Dumping data for table `fight_candi_recs`
--

LOCK TABLES `fight_candi_recs` WRITE;
/*!40000 ALTER TABLE `fight_candi_recs` DISABLE KEYS */;
INSERT INTO `fight_candi_recs` VALUES (6,1,2),(7,1,1),(8,2,1),(9,3,1),(10,4,1),(11,5,1);
/*!40000 ALTER TABLE `fight_candi_recs` ENABLE KEYS */;
UNLOCK TABLES;

--
-- Table structure for table `gifs`
--

DROP TABLE IF EXISTS `gifs`;
/*!40101 SET @saved_cs_client     = @@character_set_client */;
/*!40101 SET character_set_client = utf8 */;
CREATE TABLE `gifs` (
  `id` bigint(20) NOT NULL AUTO_INCREMENT,
  `url` text,
  `height` int(11) DEFAULT NULL,
  `width` int(11) DEFAULT NULL,
  `article_id` bigint(20) DEFAULT NULL,
  `created_at` datetime NOT NULL,
  `updated_at` datetime NOT NULL,
  PRIMARY KEY (`id`),
  KEY `index_gifs_on_article_id` (`article_id`),
  CONSTRAINT `fk_rails_5a791ee183` FOREIGN KEY (`article_id`) REFERENCES `articles` (`id`)
) ENGINE=InnoDB DEFAULT CHARSET=latin1;
/*!40101 SET character_set_client = @saved_cs_client */;

--
-- Dumping data for table `gifs`
--

LOCK TABLES `gifs` WRITE;
/*!40000 ALTER TABLE `gifs` DISABLE KEYS */;
/*!40000 ALTER TABLE `gifs` ENABLE KEYS */;
UNLOCK TABLES;

--
-- Table structure for table `images`
--

DROP TABLE IF EXISTS `images`;
/*!40101 SET @saved_cs_client     = @@character_set_client */;
/*!40101 SET character_set_client = utf8 */;
CREATE TABLE `images` (
  `id` bigint(20) NOT NULL AUTO_INCREMENT,
  `name` varchar(255) DEFAULT NULL,
  `url` text,
  `created_at` datetime NOT NULL,
  `updated_at` datetime NOT NULL,
  `height` int(11) DEFAULT NULL,
  `width` int(11) DEFAULT NULL,
  `article_id` bigint(20) DEFAULT NULL,
  `user_id` bigint(20) DEFAULT NULL,
  `userprofile_id` bigint(20) DEFAULT NULL,
  `comment_id` bigint(20) DEFAULT NULL,
  `category_id` bigint(20) DEFAULT NULL,
  `trending_id` bigint(20) DEFAULT NULL,
  `vote_candidate_id` bigint(20) DEFAULT NULL,
  PRIMARY KEY (`id`),
  KEY `index_images_on_article_id` (`article_id`),
  KEY `index_images_on_user_id` (`user_id`),
  KEY `index_images_on_userprofile_id` (`userprofile_id`),
  KEY `index_images_on_comment_id` (`comment_id`),
  KEY `index_images_on_category_id` (`category_id`),
  KEY `index_images_on_trending_id` (`trending_id`),
  KEY `index_images_on_vote_candidate_id` (`vote_candidate_id`),
  CONSTRAINT `fk_rails_028d35b473` FOREIGN KEY (`article_id`) REFERENCES `articles` (`id`),
  CONSTRAINT `fk_rails_19cd822056` FOREIGN KEY (`user_id`) REFERENCES `users` (`id`),
  CONSTRAINT `fk_rails_396e6926a3` FOREIGN KEY (`comment_id`) REFERENCES `comments` (`id`),
  CONSTRAINT `fk_rails_612bd3049e` FOREIGN KEY (`userprofile_id`) REFERENCES `userprofiles` (`id`),
  CONSTRAINT `fk_rails_76252432a7` FOREIGN KEY (`trending_id`) REFERENCES `trendings` (`id`),
  CONSTRAINT `fk_rails_9dab9b62a6` FOREIGN KEY (`category_id`) REFERENCES `categories` (`id`),
  CONSTRAINT `fk_rails_ab940e846f` FOREIGN KEY (`vote_candidate_id`) REFERENCES `vote_candidates` (`id`)
) ENGINE=InnoDB AUTO_INCREMENT=217 DEFAULT CHARSET=latin1;
/*!40101 SET character_set_client = @saved_cs_client */;

--
-- Dumping data for table `images`
--

LOCK TABLES `images` WRITE;
/*!40000 ALTER TABLE `images` DISABLE KEYS */;
INSERT INTO `images` VALUES (3,NULL,'https://ui-avatars.com/api/?name=tuan@gmail.com','2020-07-26 09:41:59','2020-07-26 09:41:59',50,50,NULL,NULL,20,NULL,NULL,NULL,NULL),(5,NULL,'https://ui-avatars.com/api/?name=u1','2020-07-26 09:56:59','2020-07-26 09:56:59',50,50,NULL,NULL,21,NULL,NULL,NULL,NULL),(6,NULL,'https://ui-avatars.com/api/?name=u2','2020-07-26 11:42:24','2020-07-26 11:42:24',50,50,NULL,NULL,22,NULL,NULL,NULL,NULL),(8,NULL,'https://ui-avatars.com/api/?name=Vu Tuan','2020-07-31 15:59:52','2020-07-31 15:59:52',50,50,NULL,NULL,24,NULL,NULL,NULL,NULL),(9,'sdfdsf','https://file.tinnhac.com/resize/600x-/music/2017/01/02/bsk-1729.jpg','2020-07-31 17:35:12','2020-07-31 17:35:40',NULL,NULL,NULL,NULL,NULL,NULL,1,NULL,NULL),(10,'j1','https://firebasestorage.googleapis.com/v0/b/funniq-78dbd.appspot.com/o/funniq_production%2Fu24-49-1596219285456?alt=media&token=80eda91b-b29b-4fc4-952c-1c8be4ff2f37','2020-07-31 18:14:47','2020-07-31 18:14:47',827,711,15,NULL,NULL,NULL,NULL,NULL,NULL),(11,NULL,'https://ui-avatars.com/api/?name=asd','2020-07-31 18:16:33','2020-07-31 18:16:33',50,50,NULL,NULL,25,NULL,NULL,NULL,NULL),(12,'t1','https://firebasestorage.googleapis.com/v0/b/funniq-78dbd.appspot.com/o/funniq_production%2Fu25-67-1596248875237?alt=media&token=180ec2f7-8a98-40e9-b5c8-61c663e75363','2020-08-01 02:27:56','2020-08-01 02:27:56',827,711,16,NULL,NULL,NULL,NULL,NULL,NULL),(13,'t2','https://firebasestorage.googleapis.com/v0/b/funniq-78dbd.appspot.com/o/funniq_production%2Fu25-28-1596248930761?alt=media&token=fb2aadbb-c537-4e53-abb5-f1185904013d','2020-08-01 02:28:53','2020-08-01 02:28:53',1080,3840,17,NULL,NULL,NULL,NULL,NULL,NULL),(36,NULL,'https://ui-avatars.com/api/?name=aaa@aaa','2020-08-06 11:10:05','2020-08-06 11:10:05',50,50,NULL,NULL,26,NULL,NULL,NULL,NULL),(37,NULL,'https://ui-avatars.com/api/?name=asssx','2020-08-06 11:14:45','2020-08-06 11:14:45',50,50,NULL,NULL,27,NULL,NULL,NULL,NULL),(74,NULL,'https://ui-avatars.com/api/?name=toko','2020-08-14 18:33:29','2020-08-14 18:33:29',50,50,NULL,NULL,33,NULL,NULL,NULL,NULL),(75,NULL,'https://ui-avatars.com/api/?name=masd','2020-08-14 18:34:06','2020-08-14 18:34:06',50,50,NULL,NULL,34,NULL,NULL,NULL,NULL),(77,NULL,'https://firebasestorage.googleapis.com/v0/b/funniq-78dbd.appspot.com/o/funniq_production%2Fu35-92-1597431935297?alt=media&token=b35980ac-3f88-4b73-ae7c-1c50c318b993','2020-08-14 19:05:37','2020-08-14 19:05:37',155,550,69,NULL,NULL,NULL,NULL,NULL,NULL),(78,NULL,'https://ui-avatars.com/api/?name=qweqweasad','2020-08-15 11:17:47','2020-08-15 11:17:47',50,50,NULL,NULL,36,NULL,NULL,NULL,NULL),(79,NULL,'https://ui-avatars.com/api/?name=tuanpro','2020-08-15 11:18:56','2020-08-15 11:18:56',50,50,NULL,NULL,37,NULL,NULL,NULL,NULL),(80,NULL,'https://firebasestorage.googleapis.com/v0/b/funniq-78dbd.appspot.com/o/funniq_production%2Fu35-96-1597512282371?alt=media&token=f04791b0-f8e1-4634-a184-4203f20c9b99','2020-08-15 17:24:44','2020-08-15 17:24:44',309,550,70,NULL,NULL,NULL,NULL,NULL,NULL),(81,NULL,'https://firebasestorage.googleapis.com/v0/b/funniq-78dbd.appspot.com/o/funniq_production%2Fu35-25-1597512298348?alt=media&token=b93a0701-da60-46ca-b008-37b38b9f08fd','2020-08-15 17:24:59','2020-08-15 17:24:59',539,463,71,NULL,NULL,NULL,NULL,NULL,NULL),(85,NULL,'https://firebasestorage.googleapis.com/v0/b/funniq-78dbd.appspot.com/o/funniq_production%2Fu35-48-1597559881000?alt=media&token=456763c9-3de5-4c8e-ba25-fe43fbfdaff2','2020-08-16 06:38:02','2020-08-16 06:38:02',155,550,76,NULL,NULL,NULL,NULL,NULL,NULL),(86,NULL,'https://firebasestorage.googleapis.com/v0/b/funniq-78dbd.appspot.com/o/funniq_production%2Fu35-82-1597560454326?alt=media&token=c96a37ee-0a9f-4ee9-b14f-8f07462b95c2','2020-08-16 06:47:35','2020-08-16 06:47:35',591,550,77,NULL,NULL,NULL,NULL,NULL,NULL),(91,'comment','https://firebasestorage.googleapis.com/v0/b/funniq-78dbd.appspot.com/o/funniq_production%2Farticle17-1597806269666?alt=media&token=97f1029c-72e5-4952-afac-7e11a795bc97','2020-08-19 03:04:31','2020-08-19 03:04:31',NULL,NULL,NULL,NULL,NULL,158,NULL,NULL,NULL),(92,'comment','https://firebasestorage.googleapis.com/v0/b/funniq-78dbd.appspot.com/o/funniq_production%2Farticle17-1597806305169?alt=media&token=0506d17e-cd7c-4249-9ef7-d2be5796fb0a','2020-08-19 03:05:06','2020-08-19 03:05:06',NULL,NULL,NULL,NULL,NULL,159,NULL,NULL,NULL),(93,NULL,'https://ui-avatars.com/api/?name=dcm','2020-08-20 04:20:49','2020-08-20 04:20:49',50,50,NULL,NULL,38,NULL,NULL,NULL,NULL),(94,NULL,'https://ui-avatars.com/api/?name=acn','2020-08-20 04:21:42','2020-08-20 04:21:42',50,50,NULL,NULL,39,NULL,NULL,NULL,NULL),(95,NULL,'https://ui-avatars.com/api/?name=user1','2020-08-20 04:22:47','2020-08-20 04:22:47',50,50,NULL,NULL,40,NULL,NULL,NULL,NULL),(97,NULL,'https://firebasestorage.googleapis.com/v0/b/funniq-78dbd.appspot.com/o/funniq_production%2Fu41-29-1597898674300?alt=media&token=7186ebc9-cdcd-48d2-8cf9-ad504c985511','2020-08-20 04:44:35','2020-08-20 04:44:35',200,276,82,NULL,NULL,NULL,NULL,NULL,NULL),(98,NULL,'https://firebasestorage.googleapis.com/v0/b/funniq-78dbd.appspot.com/o/funniq_production%2Fuser41-1597913322413?alt=media&token=fd20981c-d6b4-40df-bb77-96e8ac8da06f','2020-08-20 08:48:44','2020-08-20 08:48:44',NULL,NULL,NULL,NULL,41,NULL,NULL,NULL,NULL),(100,'','https://cdn.ip2location.com/assets/img/logo.png','2020-08-20 15:35:04','2020-08-20 15:35:04',NULL,NULL,NULL,NULL,41,NULL,NULL,NULL,NULL),(101,NULL,'https://firebasestorage.googleapis.com/v0/b/funniq-78dbd.appspot.com/o/funniq_production%2Fu35-14-1597978902948?alt=media&token=742ff34f-8fcc-48d8-94d7-7efe0beef73a','2020-08-21 03:01:44','2020-08-21 03:01:44',496,530,83,NULL,NULL,NULL,NULL,NULL,NULL),(102,'comment','https://firebasestorage.googleapis.com/v0/b/funniq-78dbd.appspot.com/o/funniq_production%2Farticle84-1598108347502?alt=media&token=6b9708d7-fbc8-48a4-a37d-a9a86d76ee4c','2020-08-22 14:59:08','2020-08-22 14:59:08',NULL,NULL,NULL,NULL,NULL,162,NULL,NULL,NULL),(105,'comment','https://firebasestorage.googleapis.com/v0/b/funniq-78dbd.appspot.com/o/funniq_production%2Farticle84-1598108408779?alt=media&token=d22e7f89-4981-4840-ad96-e3f60caa5949','2020-08-22 15:00:09','2020-08-22 15:00:09',NULL,NULL,NULL,NULL,NULL,165,NULL,NULL,NULL),(106,'comment','https://firebasestorage.googleapis.com/v0/b/funniq-78dbd.appspot.com/o/funniq_production%2Farticle84-1598108429580?alt=media&token=2e93f138-c7ca-424a-8f0e-3b03e67b6896','2020-08-22 15:00:30','2020-08-22 15:00:30',NULL,NULL,NULL,NULL,NULL,166,NULL,NULL,NULL),(112,NULL,'https://firebasestorage.googleapis.com/v0/b/funniq-78dbd.appspot.com/o/funniq_production%2Fu35-30-1598123733936?alt=media&token=762b24bc-8fb6-4487-a9f7-e20b64b7086e','2020-08-22 19:15:39','2020-08-22 19:15:39',309,550,85,NULL,NULL,NULL,NULL,NULL,NULL),(113,NULL,'https://firebasestorage.googleapis.com/v0/b/funniq-78dbd.appspot.com/o/funniq_production%2Fu35-85-1598123751944?alt=media&token=2d273414-b459-44d6-874b-e2c2f9195880','2020-08-22 19:15:53','2020-08-22 19:15:53',539,463,86,NULL,NULL,NULL,NULL,NULL,NULL),(114,NULL,'https://firebasestorage.googleapis.com/v0/b/funniq-78dbd.appspot.com/o/funniq_production%2Fu35-3-1598124169154?alt=media&token=e56ee127-9b4a-47c6-826e-900e51b1afa3','2020-08-22 19:22:51','2020-08-22 19:22:51',376,550,87,NULL,NULL,NULL,NULL,NULL,NULL),(115,NULL,'https://firebasestorage.googleapis.com/v0/b/funniq-78dbd.appspot.com/o/funniq_production%2Fu35-16-1598124251859?alt=media&token=81aa198e-230c-495c-b2c4-5afe0a6cb5bc','2020-08-22 19:24:14','2020-08-22 19:24:14',372,550,88,NULL,NULL,NULL,NULL,NULL,NULL),(116,NULL,'https://firebasestorage.googleapis.com/v0/b/funniq-78dbd.appspot.com/o/funniq_production%2Fu35-72-1598124384418?alt=media&token=251ddcbd-31ae-487f-8bc6-eab87dccf96d','2020-08-22 19:26:26','2020-08-22 19:26:26',975,550,89,NULL,NULL,NULL,NULL,NULL,NULL),(117,NULL,'https://firebasestorage.googleapis.com/v0/b/funniq-78dbd.appspot.com/o/funniq_production%2Fu35-63-1598124447923?alt=media&token=9f335b2d-21c2-4795-8b05-d7562fbef0ad','2020-08-22 19:27:31','2020-08-22 19:27:31',975,550,90,NULL,NULL,NULL,NULL,NULL,NULL),(136,NULL,'https://firebasestorage.googleapis.com/v0/b/funniq-78dbd.appspot.com/o/funniq_production%2Fu35-5-1598267698030?alt=media&token=71630f66-66ad-4e9a-a56f-52ccc8fcd4f5','2020-08-24 11:14:59','2020-08-24 11:14:59',155,550,112,NULL,NULL,NULL,NULL,NULL,NULL),(137,NULL,'https://firebasestorage.googleapis.com/v0/b/funniq-78dbd.appspot.com/o/funniq_production%2Fu35_15_1598267741198?alt=media&token=77883760-ae5f-45db-ba3f-0c453745a2f9','2020-08-24 11:15:42','2020-08-24 11:15:42',372,550,113,NULL,NULL,NULL,NULL,NULL,NULL),(138,NULL,'https://firebasestorage.googleapis.com/v0/b/funniq-78dbd.appspot.com/o/funniq_production%2Fu35_42_1598357725167?alt=media&token=ff0331e1-8d82-44c2-ab07-6512993fbb09','2020-08-25 12:15:26','2020-08-25 12:15:26',372,550,114,NULL,NULL,NULL,NULL,NULL,NULL),(139,NULL,'https://firebasestorage.googleapis.com/v0/b/funniq-78dbd.appspot.com/o/funniq_production%2Fu35_55_1598357744787?alt=media&token=feb8471e-82a4-4980-96e1-63f685d2fb94','2020-08-25 12:15:45','2020-08-25 12:15:45',155,550,115,NULL,NULL,NULL,NULL,NULL,NULL),(140,NULL,'https://firebasestorage.googleapis.com/v0/b/funniq-78dbd.appspot.com/o/funniq_production%2Fu35_77_1598359087982?alt=media&token=00de2a87-2710-4728-9aef-422dec466481','2020-08-25 12:38:09','2020-08-25 12:38:09',376,550,116,NULL,NULL,NULL,NULL,NULL,NULL),(141,NULL,'https://firebasestorage.googleapis.com/v0/b/funniq-78dbd.appspot.com/o/funniq_production%2Fu35_72_1598359159679?alt=media&token=8f33b953-2f52-4410-9753-a44a78508278','2020-08-25 12:39:21','2020-08-25 12:39:21',975,550,117,NULL,NULL,NULL,NULL,NULL,NULL),(142,NULL,'https://firebasestorage.googleapis.com/v0/b/funniq-78dbd.appspot.com/o/funniq_production%2Fu35_65_1598359617191?alt=media&token=5e377446-0714-49f9-887e-e4273eadd5e5','2020-08-25 12:46:58','2020-08-25 12:46:58',975,550,118,NULL,NULL,NULL,NULL,NULL,NULL),(143,NULL,'https://firebasestorage.googleapis.com/v0/b/funniq-78dbd.appspot.com/o/funniq_production%2Fu35_83_1598359634334?alt=media&token=78b5b556-592b-44a4-912d-0703fd6b329c','2020-08-25 12:47:15','2020-08-25 12:47:15',975,550,119,NULL,NULL,NULL,NULL,NULL,NULL),(144,NULL,'https://firebasestorage.googleapis.com/v0/b/funniq-78dbd.appspot.com/o/funniq_production%2Fu35_93_1598359717325?alt=media&token=4ba903fd-868f-4eb4-9401-5ade6b14d62d','2020-08-25 12:48:38','2020-08-25 12:48:38',376,550,120,NULL,NULL,NULL,NULL,NULL,NULL),(145,NULL,'https://firebasestorage.googleapis.com/v0/b/funniq-78dbd.appspot.com/o/funniq_production%2Fu35_32_1598359741882?alt=media&token=8554ac73-43cb-401d-bb52-41e088c7232d','2020-08-25 12:49:02','2020-08-25 12:49:02',155,550,121,NULL,NULL,NULL,NULL,NULL,NULL),(146,NULL,'https://firebasestorage.googleapis.com/v0/b/funniq-78dbd.appspot.com/o/funniq_production%2Fu35_56_1598359752551?alt=media&token=7f8c9c5b-f036-4218-b634-429390c587b6','2020-08-25 12:49:14','2020-08-25 12:49:14',376,550,122,NULL,NULL,NULL,NULL,NULL,NULL),(148,NULL,'https://firebasestorage.googleapis.com/v0/b/funniq-78dbd.appspot.com/o/funniq_production%2Fu35_18_1598361736066?alt=media&token=09f3ed21-f31e-4f1d-9fc7-bccbd0621214','2020-08-25 13:22:17','2020-08-25 13:22:17',376,550,124,NULL,NULL,NULL,NULL,NULL,NULL),(155,NULL,'https://firebasestorage.googleapis.com/v0/b/funniq-78dbd.appspot.com/o/funniq_production%2Fu35_33_1598448009698?alt=media&token=8b4bdc16-e33e-4926-9ec5-7fac9fdfde5e','2020-08-26 13:20:10','2020-08-26 13:20:10',372,550,131,NULL,NULL,NULL,NULL,NULL,NULL),(157,NULL,'https://firebasestorage.googleapis.com/v0/b/funniq-78dbd.appspot.com/o/funniq_production%2Fu35_37_1598467785764?alt=media&token=8389026a-e1d0-4998-b825-f42282de64a3','2020-08-26 18:49:46','2020-08-26 18:49:46',376,550,133,NULL,NULL,NULL,NULL,NULL,NULL),(160,NULL,'https://firebasestorage.googleapis.com/v0/b/funniq-78dbd.appspot.com/o/funniq_production%2Fu35_20_1598590126502?alt=media&token=c77faceb-2a84-427a-8f2c-b83caa745130','2020-08-28 04:48:47','2020-08-28 04:48:47',155,550,136,NULL,NULL,NULL,NULL,NULL,NULL),(161,NULL,'https://firebasestorage.googleapis.com/v0/b/funniq-78dbd.appspot.com/o/funniq_production%2Fu35_26_1598592302605?alt=media&token=700c46df-26ba-48cf-b638-14eddb383f51','2020-08-28 05:25:04','2020-08-28 05:25:04',376,550,137,NULL,NULL,NULL,NULL,NULL,NULL),(163,NULL,'https://firebasestorage.googleapis.com/v0/b/funniq-78dbd.appspot.com/o/funniq_production%2Fu35_21_1598602408581?alt=media&token=4bcd2f3b-39f1-46af-9d6d-7d31d457cb70','2020-08-28 08:13:29','2020-08-28 08:13:29',372,550,139,NULL,NULL,NULL,NULL,NULL,NULL),(166,NULL,'https://firebasestorage.googleapis.com/v0/b/funniq-78dbd.appspot.com/o/funniq_production%2Fu35_52_1598777995652?alt=media&token=3b81f9dc-5795-48ba-929d-202beea34f4c','2020-08-30 08:59:57','2020-08-30 08:59:57',460,550,145,NULL,NULL,NULL,NULL,NULL,NULL),(167,NULL,'https://firebasestorage.googleapis.com/v0/b/funniq-78dbd.appspot.com/o/funniq_production%2Fu35_92_1598778238920?alt=media&token=bc0582a6-140f-4aa8-8291-02678c0e7039','2020-08-30 09:03:59','2020-08-30 09:03:59',370,550,148,NULL,NULL,NULL,NULL,NULL,NULL),(168,NULL,'https://firebasestorage.googleapis.com/v0/b/funniq-78dbd.appspot.com/o/funniq_production%2Fu35_89_1598778250873?alt=media&token=fea96f66-5f20-467c-8f0b-faa9b09f8417','2020-08-30 09:04:11','2020-08-30 09:04:11',169,550,149,NULL,NULL,NULL,NULL,NULL,NULL),(169,NULL,'https://firebasestorage.googleapis.com/v0/b/funniq-78dbd.appspot.com/o/funniq_production%2Fu35_4_1598837449565?alt=media&token=ad92f8a9-320a-46eb-b2b9-4137457c4706','2020-08-31 01:30:50','2020-08-31 01:30:50',254,550,150,NULL,NULL,NULL,NULL,NULL,NULL),(172,NULL,'https://firebasestorage.googleapis.com/v0/b/funniq-78dbd.appspot.com/o/funniq_production%2Fu25_23_1599122177954?alt=media&token=650f05ef-64af-4be0-81b1-b44b32c480fb','2020-09-03 08:36:18','2020-09-03 08:36:18',155,550,153,NULL,NULL,NULL,NULL,NULL,NULL),(173,NULL,'https://firebasestorage.googleapis.com/v0/b/funniq-78dbd.appspot.com/o/funniq_production%2Fu35_88_1599214906093?alt=media&token=819992d7-1fb3-47c1-ac09-ff4a65a163ec','2020-09-04 10:21:46','2020-09-04 10:21:46',540,506,172,NULL,NULL,NULL,NULL,NULL,NULL),(174,NULL,'https://ui-avatars.com/api/?name=userpro1','2020-09-06 15:18:50','2020-09-06 15:18:50',50,50,NULL,NULL,47,NULL,NULL,NULL,NULL),(175,NULL,'https://ui-avatars.com/api/?name=pro2','2020-09-06 15:22:59','2020-09-06 15:22:59',50,50,NULL,NULL,48,NULL,NULL,NULL,NULL),(176,NULL,'https://ui-avatars.com/api/?name=pro3','2020-09-06 15:27:42','2020-09-06 15:27:42',50,50,NULL,NULL,49,NULL,NULL,NULL,NULL),(177,NULL,'https://ui-avatars.com/api/?name=pro23','2020-09-06 18:18:35','2020-09-06 18:18:35',50,50,NULL,NULL,50,NULL,NULL,NULL,NULL),(178,NULL,'https://firebasestorage.googleapis.com/v0/b/funniq-78dbd.appspot.com/o/funniq_production%2Fu35_29_1599419179619?alt=media&token=468c2bb9-1280-4ae4-99e6-4ca5f76d3878','2020-09-06 19:06:20','2020-09-06 19:06:20',540,506,179,NULL,NULL,NULL,NULL,NULL,NULL),(179,NULL,'https://firebasestorage.googleapis.com/v0/b/funniq-78dbd.appspot.com/o/funniq_production%2Fu35_96_1599419828612?alt=media&token=18074ff4-291d-4949-9db2-d68455c412cd','2020-09-06 19:17:09','2020-09-06 19:17:09',741,550,180,NULL,NULL,NULL,NULL,NULL,NULL),(180,NULL,'https://ui-avatars.com/api/?name=asdasd','2020-09-06 19:17:34','2020-09-06 19:17:34',50,50,NULL,NULL,51,NULL,NULL,NULL,NULL),(181,NULL,'https://ui-avatars.com/api/?name=asdasd','2020-09-06 19:26:11','2020-09-06 19:26:11',50,50,NULL,NULL,52,NULL,NULL,NULL,NULL),(182,NULL,'https://firebasestorage.googleapis.com/v0/b/funniq-78dbd.appspot.com/o/funniq_production%2Fu35_93_1599478999648?alt=media&token=72e2b010-d813-4e33-a501-f3a5f60d6c7f','2020-09-07 11:43:47','2020-09-07 11:43:47',309,550,181,NULL,NULL,NULL,NULL,NULL,NULL),(183,NULL,'https://firebasestorage.googleapis.com/v0/b/funniq-78dbd.appspot.com/o/funniq_production%2Fu35_95_1599479178317?alt=media&token=e52a8acb-ae70-43d4-9222-e1a7aed56ac5','2020-09-07 11:46:20','2020-09-07 11:46:20',540,506,182,NULL,NULL,NULL,NULL,NULL,NULL),(184,NULL,'https://firebasestorage.googleapis.com/v0/b/funniq-78dbd.appspot.com/o/funniq_production%2Fu35_86_1599480572836?alt=media&token=19ccbc10-eb99-494a-9f46-57daf46b7264','2020-09-07 12:09:45','2020-09-07 12:09:45',741,550,183,NULL,NULL,NULL,NULL,NULL,NULL),(185,NULL,'https://firebasestorage.googleapis.com/v0/b/funniq-78dbd.appspot.com/o/funniq_production%2Fu35_1_1599480602272?alt=media&token=80bf7d0d-0f7a-4aaf-9ce8-c79263658449','2020-09-07 12:10:09','2020-09-07 12:10:09',309,550,184,NULL,NULL,NULL,NULL,NULL,NULL),(186,NULL,'https://firebasestorage.googleapis.com/v0/b/funniq-78dbd.appspot.com/o/funniq_production%2Fu35_79_1599484107205?alt=media&token=23f389ec-0d27-4cdd-9c17-c499a9c3a489','2020-09-07 13:10:15','2020-09-07 13:10:15',741,550,185,NULL,NULL,NULL,NULL,NULL,NULL),(187,NULL,'https://firebasestorage.googleapis.com/v0/b/funniq-78dbd.appspot.com/o/funniq_production%2Fu35_57_1599495607211?alt=media&token=164e44f5-63b9-467b-ac4b-4563e0277096','2020-09-07 16:20:07','2020-09-07 16:20:07',540,506,186,NULL,NULL,NULL,NULL,NULL,NULL),(188,NULL,'https://firebasestorage.googleapis.com/v0/b/funniq-78dbd.appspot.com/o/funniq_production%2Fu35_17_1599496614856?alt=media&token=f2b9abd6-24a6-4b53-bc88-318a1bd18723','2020-09-07 16:36:55','2020-09-07 16:36:55',309,550,187,NULL,NULL,NULL,NULL,NULL,NULL),(189,NULL,'https://ui-avatars.com/api/?name=asd@asdasdas','2020-09-08 03:30:53','2020-09-08 03:30:53',50,50,NULL,NULL,53,NULL,NULL,NULL,NULL),(190,NULL,'https://firebasestorage.googleapis.com/v0/b/funniq-78dbd.appspot.com/o/funniq_production%2Fu35_28_1599539350326?alt=media&token=7aa453e3-90fa-4eb3-a692-d7ca6f04b4c5','2020-09-08 04:29:11','2020-09-08 04:29:11',309,550,188,NULL,NULL,NULL,NULL,NULL,NULL),(191,NULL,'https://firebasestorage.googleapis.com/v0/b/funniq-78dbd.appspot.com/o/funniq_production%2Fu35_9_1599542967064?alt=media&token=1de2e2cc-6ac2-47ef-a8bf-c5633139161c','2020-09-08 05:29:28','2020-09-08 05:29:28',372,550,189,NULL,NULL,NULL,NULL,NULL,NULL),(192,NULL,'https://firebasestorage.googleapis.com/v0/b/funniq-78dbd.appspot.com/o/funniq_production%2Fu35_45_1599542984719?alt=media&token=85612bf9-d9f8-47af-8bda-2bdb21b44b6d','2020-09-08 05:29:45','2020-09-08 05:29:45',309,550,190,NULL,NULL,NULL,NULL,NULL,NULL),(193,NULL,'https://firebasestorage.googleapis.com/v0/b/funniq-78dbd.appspot.com/o/funniq_production%2Fu35_79_1599543146784?alt=media&token=5f186c4c-09b9-40f3-b451-62f241f2e8f6','2020-09-08 05:32:27','2020-09-08 05:32:27',309,550,191,NULL,NULL,NULL,NULL,NULL,NULL),(194,NULL,'https://firebasestorage.googleapis.com/v0/b/funniq-78dbd.appspot.com/o/funniq_production%2Fu35_43_1599646341613?alt=media&token=709664ce-d4fe-47c2-8a53-50aaac747699','2020-09-09 10:12:22','2020-09-09 10:12:22',309,550,195,NULL,NULL,NULL,NULL,NULL,NULL),(195,NULL,'https://firebasestorage.googleapis.com/v0/b/funniq-78dbd.appspot.com/o/funniq_production%2Fu35_30_1599646664865?alt=media&token=9a479a64-2a98-4ec3-97bd-4ac42c964a55','2020-09-09 10:19:28','2020-09-09 10:19:28',372,550,196,NULL,NULL,NULL,NULL,NULL,NULL),(196,NULL,'https://firebasestorage.googleapis.com/v0/b/funniq-78dbd.appspot.com/o/funniq_production%2Fu35_8_1599647222070?alt=media&token=f5813404-787b-49b4-8d3f-362a2b6fe9b5','2020-09-09 10:27:08','2020-09-09 10:27:08',309,550,197,NULL,NULL,NULL,NULL,NULL,NULL),(197,'comment','https://firebasestorage.googleapis.com/v0/b/funniq-78dbd.appspot.com/o/funniq_production%2Farticle84e0bfa3003d7d4e-1599674884817?alt=media&token=45b9bfe1-0ed3-48cf-a6b0-efce34cc4c12','2020-09-09 18:08:05','2020-09-09 18:08:05',NULL,NULL,NULL,NULL,NULL,195,NULL,NULL,NULL),(199,'comment','https://firebasestorage.googleapis.com/v0/b/funniq-78dbd.appspot.com/o/funniq_production%2Farticle84e0bfa3003d7d4e-1599675139091?alt=media&token=34ca2aa8-4c71-47ef-84af-0de1129f0ee6','2020-09-09 18:12:19','2020-09-09 18:12:19',NULL,NULL,NULL,NULL,NULL,196,NULL,NULL,NULL),(200,NULL,'https://firebasestorage.googleapis.com/v0/b/funniq-78dbd.appspot.com/o/funniq_development%2Fu35_20_1599715713140?alt=media&token=1d4b674d-da71-4581-94d7-c76033d0d8db','2020-09-10 05:28:34','2020-09-10 05:28:34',309,550,199,NULL,NULL,NULL,NULL,NULL,NULL),(201,NULL,'https://firebasestorage.googleapis.com/v0/b/funniq-78dbd.appspot.com/o/funniq_development%2Fu35_43_1599734300677?alt=media&token=9b2e1381-405b-415a-8ef7-5f066d0b8449','2020-09-10 10:38:21','2020-09-10 10:38:21',309,550,200,NULL,NULL,NULL,NULL,NULL,NULL),(202,NULL,'https://firebasestorage.googleapis.com/v0/b/funniq-78dbd.appspot.com/o/funniq_development%2Fuser35-1599934175277?alt=media&token=1e15a964-0a9d-43fb-b37c-b2becd960218','2020-09-12 18:09:36','2020-09-12 18:09:36',NULL,NULL,NULL,NULL,35,NULL,NULL,NULL,NULL),(203,NULL,'https://firebasestorage.googleapis.com/v0/b/funniq-78dbd.appspot.com/o/funniq_development%2Fu35_98_1600047430313?alt=media&token=a4167e2a-1e3e-4187-839d-2c9f4b8ca369','2020-09-14 01:37:11','2020-09-14 01:37:11',309,550,207,NULL,NULL,NULL,NULL,NULL,NULL),(204,NULL,'https://firebasestorage.googleapis.com/v0/b/funniq-78dbd.appspot.com/o/funniq_development%2Fu35_52_1600047444419?alt=media&token=6f57a965-a168-47b8-99cc-4beac91e43ef','2020-09-14 01:37:25','2020-09-14 01:37:25',309,550,208,NULL,NULL,NULL,NULL,NULL,NULL),(205,NULL,'https://ui-avatars.com/api/?name=hows','2020-09-14 01:38:57','2020-09-14 01:38:57',50,50,NULL,NULL,54,NULL,NULL,NULL,NULL),(206,NULL,'https://firebasestorage.googleapis.com/v0/b/funniq-78dbd.appspot.com/o/funniq_development%2Fu54_87_1600047767176?alt=media&token=edbb41db-2142-4027-9266-5aae4296bcc1','2020-09-14 01:42:48','2020-09-14 01:42:48',540,506,209,NULL,NULL,NULL,NULL,NULL,NULL),(207,NULL,'https://firebasestorage.googleapis.com/v0/b/funniq-78dbd.appspot.com/o/funniq_development%2Fu54_21_1600047871364?alt=media&token=e6b0e1bb-be66-4a03-944b-ad1a935d7ac7','2020-09-14 01:44:32','2020-09-14 01:44:32',312,550,210,NULL,NULL,NULL,NULL,NULL,NULL),(208,NULL,'https://firebasestorage.googleapis.com/v0/b/funniq-78dbd.appspot.com/o/funniq_development%2Fu54_42_1600047904075?alt=media&token=b330336e-23c8-46ea-bc04-9d85c99bfb98','2020-09-14 01:45:05','2020-09-14 01:45:05',309,550,211,NULL,NULL,NULL,NULL,NULL,NULL),(214,NULL,'https://ui-avatars.com/api/?name=Funniq Official','2020-09-14 13:59:06','2020-09-14 13:59:06',50,50,NULL,NULL,59,NULL,NULL,NULL,NULL),(215,NULL,'https://ui-avatars.com/api/?name=prods','2020-09-20 05:36:46','2020-09-20 05:36:46',50,50,NULL,NULL,60,NULL,NULL,NULL,NULL),(216,NULL,'https://ui-avatars.com/api/?name=tra-osdfdsf-werwer','2020-09-20 05:49:06','2020-09-20 05:49:06',50,50,NULL,NULL,61,NULL,NULL,NULL,NULL);
/*!40000 ALTER TABLE `images` ENABLE KEYS */;
UNLOCK TABLES;

--
-- Table structure for table `likes`
--

DROP TABLE IF EXISTS `likes`;
/*!40101 SET @saved_cs_client     = @@character_set_client */;
/*!40101 SET character_set_client = utf8 */;
CREATE TABLE `likes` (
  `id` bigint(20) NOT NULL AUTO_INCREMENT,
  `article_id` bigint(20) DEFAULT NULL,
  `user_id` bigint(20) DEFAULT NULL,
  `comment_id` bigint(20) DEFAULT NULL,
  `subcomment_id` bigint(20) DEFAULT NULL,
  `created_at` datetime NOT NULL,
  `updated_at` datetime NOT NULL,
  `liketype` varchar(255) DEFAULT NULL,
  `feedback_id` bigint(20) DEFAULT NULL,
  PRIMARY KEY (`id`),
  KEY `index_likes_on_article_id` (`article_id`),
  KEY `index_likes_on_user_id` (`user_id`),
  KEY `index_likes_on_comment_id` (`comment_id`),
  KEY `index_likes_on_subcomment_id` (`subcomment_id`),
  KEY `index_likes_on_feedback_id` (`feedback_id`),
  CONSTRAINT `fk_rails_1e09b5dabf` FOREIGN KEY (`user_id`) REFERENCES `users` (`id`),
  CONSTRAINT `fk_rails_37dd951d06` FOREIGN KEY (`subcomment_id`) REFERENCES `subcomments` (`id`),
  CONSTRAINT `fk_rails_3f9f1868f5` FOREIGN KEY (`feedback_id`) REFERENCES `feedbacks` (`id`),
  CONSTRAINT `fk_rails_86adad7015` FOREIGN KEY (`article_id`) REFERENCES `articles` (`id`),
  CONSTRAINT `fk_rails_e92b21943f` FOREIGN KEY (`comment_id`) REFERENCES `comments` (`id`)
) ENGINE=InnoDB AUTO_INCREMENT=350 DEFAULT CHARSET=latin1;
/*!40101 SET character_set_client = @saved_cs_client */;

--
-- Dumping data for table `likes`
--

LOCK TABLES `likes` WRITE;
/*!40000 ALTER TABLE `likes` DISABLE KEYS */;
INSERT INTO `likes` VALUES (336,NULL,25,198,NULL,'2020-09-11 15:54:06','2020-09-11 15:54:06','like',NULL),(337,NULL,35,198,NULL,'2020-09-11 15:56:26','2020-09-11 15:56:26','like',NULL),(338,NULL,25,206,NULL,'2020-09-11 15:57:18','2020-09-11 15:57:18','like',NULL),(339,NULL,25,205,NULL,'2020-09-11 15:57:19','2020-09-11 15:57:19','like',NULL),(340,NULL,25,204,NULL,'2020-09-11 15:57:50','2020-09-11 15:57:50','like',NULL),(341,NULL,25,203,NULL,'2020-09-11 15:57:52','2020-09-11 15:57:52','like',NULL),(342,206,35,NULL,NULL,'2020-09-12 17:53:49','2020-09-12 17:54:41','like',NULL),(343,169,35,NULL,NULL,'2020-09-12 17:54:46','2020-09-12 17:54:48','dislike',NULL),(344,170,35,NULL,NULL,'2020-09-12 17:55:07','2020-09-12 17:55:45','like',NULL),(345,166,35,NULL,NULL,'2020-09-12 17:55:50','2020-09-12 17:59:09','like',NULL),(346,167,35,NULL,NULL,'2020-09-12 17:59:06','2020-09-12 17:59:07','like',NULL),(347,84,35,NULL,NULL,'2020-09-12 17:59:11','2020-09-12 18:26:17','dislike',NULL),(348,162,35,NULL,NULL,'2020-09-12 18:03:36','2020-09-12 18:03:39','like',NULL),(349,205,35,NULL,NULL,'2020-09-12 18:04:01','2020-09-12 18:04:01','like',NULL);
/*!40000 ALTER TABLE `likes` ENABLE KEYS */;
UNLOCK TABLES;

--
-- Table structure for table `newfeatures`
--

DROP TABLE IF EXISTS `newfeatures`;
/*!40101 SET @saved_cs_client     = @@character_set_client */;
/*!40101 SET character_set_client = utf8 */;
CREATE TABLE `newfeatures` (
  `id` bigint(20) NOT NULL AUTO_INCREMENT,
  `name` text,
  `platform` varchar(255) DEFAULT NULL,
  `description` text,
  `status` varchar(255) DEFAULT NULL,
  `start` datetime DEFAULT NULL,
  `end` datetime DEFAULT NULL,
  `created_at` datetime NOT NULL,
  `updated_at` datetime NOT NULL,
  PRIMARY KEY (`id`)
) ENGINE=InnoDB DEFAULT CHARSET=latin1;
/*!40101 SET character_set_client = @saved_cs_client */;

--
-- Dumping data for table `newfeatures`
--

LOCK TABLES `newfeatures` WRITE;
/*!40000 ALTER TABLE `newfeatures` DISABLE KEYS */;
/*!40000 ALTER TABLE `newfeatures` ENABLE KEYS */;
UNLOCK TABLES;

--
-- Table structure for table `notifications`
--

DROP TABLE IF EXISTS `notifications`;
/*!40101 SET @saved_cs_client     = @@character_set_client */;
/*!40101 SET character_set_client = utf8 */;
CREATE TABLE `notifications` (
  `id` bigint(20) NOT NULL AUTO_INCREMENT,
  `content` text,
  `created_at` datetime NOT NULL,
  `updated_at` datetime NOT NULL,
  `article_id` bigint(20) DEFAULT NULL,
  `user_id` bigint(20) DEFAULT NULL,
  `comment_id` bigint(20) DEFAULT NULL,
  `subcomment_id` bigint(20) DEFAULT NULL,
  `creator` int(11) DEFAULT NULL,
  `iswatched` tinyint(1) DEFAULT NULL,
  PRIMARY KEY (`id`),
  KEY `index_notifications_on_article_id` (`article_id`),
  KEY `index_notifications_on_user_id` (`user_id`),
  KEY `index_notifications_on_comment_id` (`comment_id`),
  KEY `index_notifications_on_subcomment_id` (`subcomment_id`),
  CONSTRAINT `fk_rails_04c8771d56` FOREIGN KEY (`subcomment_id`) REFERENCES `subcomments` (`id`),
  CONSTRAINT `fk_rails_5725aee249` FOREIGN KEY (`article_id`) REFERENCES `articles` (`id`),
  CONSTRAINT `fk_rails_9268535f02` FOREIGN KEY (`comment_id`) REFERENCES `comments` (`id`),
  CONSTRAINT `fk_rails_b080fb4855` FOREIGN KEY (`user_id`) REFERENCES `users` (`id`)
) ENGINE=InnoDB AUTO_INCREMENT=274 DEFAULT CHARSET=latin1;
/*!40101 SET character_set_client = @saved_cs_client */;

--
-- Dumping data for table `notifications`
--

LOCK TABLES `notifications` WRITE;
/*!40000 ALTER TABLE `notifications` DISABLE KEYS */;
INSERT INTO `notifications` VALUES (126,'has liked your post ','2020-08-04 07:38:10','2020-08-06 18:22:15',17,25,NULL,NULL,19,1),(207,'has subscribed to your content','2020-08-08 16:02:39','2020-08-09 11:14:01',NULL,25,NULL,NULL,19,1),(212,'has liked your post ','2020-08-13 09:39:40','2020-08-13 09:39:40',16,25,NULL,NULL,19,0),(217,'has subscribed to your content','2020-08-15 17:50:07','2020-08-15 17:50:07',NULL,25,NULL,NULL,35,0),(218,'has subscribed to your content','2020-08-15 17:50:27','2020-08-15 17:50:27',NULL,27,NULL,NULL,35,0),(219,'has subscribed to your content','2020-08-15 18:04:23','2020-08-15 18:04:23',NULL,25,NULL,NULL,23,0),(220,'has subscribed to your content','2020-08-15 19:54:54','2020-08-15 19:54:54',NULL,20,NULL,NULL,23,0),(221,'has subscribed to your content','2020-08-15 19:55:11','2020-08-15 19:55:11',NULL,22,NULL,NULL,23,0),(222,'has commented on your post ','2020-08-15 20:35:14','2020-08-15 20:35:14',71,35,NULL,NULL,23,0),(223,'has commented on your post ','2020-08-15 20:36:31','2020-08-15 20:36:31',71,35,NULL,NULL,23,0),(224,'has commented on your post ','2020-08-15 20:36:36','2020-08-15 20:36:36',71,35,NULL,NULL,23,0),(225,'has commented on your post ','2020-08-15 20:47:55','2020-08-15 20:47:55',71,35,NULL,NULL,23,0),(226,'has commented on your post ','2020-08-15 20:47:57','2020-08-15 20:47:57',71,35,NULL,NULL,23,0),(227,'has commented on your post ','2020-08-15 20:47:58','2020-08-15 20:47:58',71,35,NULL,NULL,23,0),(228,'has commented on your post ','2020-08-15 20:47:59','2020-08-15 20:47:59',71,35,NULL,NULL,23,0),(229,'has commented on your post ','2020-08-15 20:48:01','2020-08-15 20:48:01',71,35,NULL,NULL,23,0),(230,'has commented on your post ','2020-08-15 20:48:02','2020-08-15 20:48:02',71,35,NULL,NULL,23,0),(231,'has commented on your post ','2020-08-15 20:48:04','2020-08-15 20:48:04',71,35,NULL,NULL,23,0),(232,'has commented on your post ','2020-08-15 20:48:05','2020-08-15 20:48:05',71,35,NULL,NULL,23,0),(233,'has commented on your post ','2020-08-15 20:48:06','2020-08-15 20:48:06',71,35,NULL,NULL,23,0),(234,'has commented on your post ','2020-08-15 20:48:08','2020-08-15 20:48:08',71,35,NULL,NULL,23,0),(235,'has commented on your post ','2020-08-15 20:48:09','2020-08-15 20:48:09',71,35,NULL,NULL,23,0),(236,'has commented on your post ','2020-08-15 20:48:11','2020-08-15 20:48:11',71,35,NULL,NULL,23,0),(237,'has commented on your post ','2020-08-15 20:48:12','2020-08-16 06:50:56',71,35,NULL,NULL,23,1),(245,'has liked your post ','2020-08-16 06:33:48','2020-08-16 06:39:44',71,35,NULL,NULL,35,1),(246,'has commented on your post ','2020-08-16 06:35:04','2020-08-16 06:35:04',17,25,NULL,NULL,35,0),(248,'has liked your post ','2020-08-16 06:38:17','2020-08-16 06:38:27',76,35,NULL,NULL,35,1),(249,'has commented on your post ','2020-08-16 06:57:37','2020-08-16 06:57:37',77,35,NULL,NULL,35,0),(250,'has commented on your post ','2020-08-16 06:57:40','2020-08-16 06:57:40',77,35,NULL,NULL,35,0),(251,'has commented on your post ','2020-08-16 07:01:31','2020-08-16 07:01:31',76,35,NULL,NULL,35,0),(252,'has commented on your post ','2020-08-16 07:01:32','2020-08-16 07:01:32',76,35,NULL,NULL,35,0),(253,'has commented on your post ','2020-08-16 07:01:34','2020-08-16 07:01:34',76,35,NULL,NULL,35,0),(254,'has liked your comment in this post ','2020-08-16 07:03:21','2020-08-16 07:03:41',76,35,NULL,90,35,1),(255,'has subscribed to your content','2020-08-16 07:03:57','2020-08-16 07:03:57',NULL,21,NULL,NULL,35,0),(256,'has subscribed to your content','2020-08-16 07:04:00','2020-08-16 07:04:00',NULL,20,NULL,NULL,35,0),(257,'has commented on your post ','2020-08-18 16:39:36','2020-08-18 16:39:36',16,25,NULL,NULL,23,0),(258,'has commented on your post ','2020-08-18 16:39:39','2020-08-18 16:39:39',16,25,NULL,NULL,23,0),(261,'has subscribed to your content','2020-08-18 19:17:20','2020-08-18 19:17:20',NULL,35,NULL,NULL,23,0),(262,'has commented on your post ','2020-08-19 03:04:31','2020-08-19 03:04:31',17,25,NULL,NULL,35,0),(263,'has commented on your post ','2020-08-19 03:05:06','2020-08-19 03:05:06',17,25,NULL,NULL,35,0),(264,'has subscribed to your content','2020-08-20 08:57:16','2020-08-20 08:57:16',NULL,25,NULL,NULL,41,0),(265,'has commented on your post ','2020-08-20 10:20:51','2020-08-20 10:20:51',82,41,NULL,NULL,41,0),(266,'has commented on your post ','2020-08-20 10:22:39','2020-08-20 10:22:39',82,41,NULL,NULL,41,0),(267,'has liked your post ','2020-08-20 16:56:55','2020-08-20 16:56:55',82,41,NULL,NULL,35,0),(268,'has liked your post ','2020-08-22 14:57:50','2020-08-22 14:57:50',84,20,NULL,NULL,35,0),(269,'has commented on your post ','2020-08-22 14:59:08','2020-08-22 14:59:08',84,20,NULL,NULL,35,0),(270,'has commented on your post ','2020-08-22 14:59:32','2020-08-22 14:59:32',84,20,NULL,NULL,35,0),(271,'has commented on your post ','2020-08-22 14:59:49','2020-08-22 14:59:49',84,20,NULL,NULL,35,0),(272,'has commented on your post ','2020-08-22 15:00:09','2020-08-22 15:00:09',84,20,NULL,NULL,35,0),(273,'has commented on your post ','2020-08-22 15:00:30','2020-08-22 15:00:30',84,20,NULL,NULL,35,0);
/*!40000 ALTER TABLE `notifications` ENABLE KEYS */;
UNLOCK TABLES;

--
-- Table structure for table `reportcategories`
--

DROP TABLE IF EXISTS `reportcategories`;
/*!40101 SET @saved_cs_client     = @@character_set_client */;
/*!40101 SET character_set_client = utf8 */;
CREATE TABLE `reportcategories` (
  `id` bigint(20) NOT NULL AUTO_INCREMENT,
  `name` varchar(255) DEFAULT NULL,
  `created_at` datetime NOT NULL,
  `updated_at` datetime NOT NULL,
  `description` text,
  `severity` int(11) DEFAULT NULL,
  PRIMARY KEY (`id`)
) ENGINE=InnoDB AUTO_INCREMENT=8 DEFAULT CHARSET=latin1;
/*!40101 SET character_set_client = @saved_cs_client */;

--
-- Dumping data for table `reportcategories`
--

LOCK TABLES `reportcategories` WRITE;
/*!40000 ALTER TABLE `reportcategories` DISABLE KEYS */;
INSERT INTO `reportcategories` VALUES (1,'severe','2020-07-26 09:26:35','2020-07-26 09:26:35','severe',1),(2,'zxc','2020-07-26 09:26:35','2020-07-26 09:26:35','xzcxc',1),(3,'vcdv','2020-07-26 09:26:35','2020-07-26 09:26:35','sdczxcxzv',5),(4,'zvzxvzxczxc','2020-07-26 09:26:35','2020-07-26 09:26:35','asdasdd',3),(5,'asxvv','2020-07-26 09:26:35','2020-07-26 09:26:35','dasdasdasd',34),(6,'xvzxvzxczxc','2020-07-26 09:26:35','2020-07-26 09:26:35','afasdasdasd',23),(7,'xcvxcv','2020-07-26 09:26:35','2020-07-26 09:26:35','qwewe',2);
/*!40000 ALTER TABLE `reportcategories` ENABLE KEYS */;
UNLOCK TABLES;

--
-- Table structure for table `reports`
--

DROP TABLE IF EXISTS `reports`;
/*!40101 SET @saved_cs_client     = @@character_set_client */;
/*!40101 SET character_set_client = utf8 */;
CREATE TABLE `reports` (
  `id` bigint(20) NOT NULL AUTO_INCREMENT,
  `article_id` bigint(20) DEFAULT NULL,
  `user_id` bigint(20) DEFAULT NULL,
  `created_at` datetime NOT NULL,
  `updated_at` datetime NOT NULL,
  `comment_id` bigint(20) DEFAULT NULL,
  `subcomment_id` bigint(20) DEFAULT NULL,
  `reason` text,
  `severity` int(11) DEFAULT NULL,
  `reportcategory_id` bigint(20) DEFAULT NULL,
  PRIMARY KEY (`id`),
  KEY `index_reports_on_article_id` (`article_id`),
  KEY `index_reports_on_user_id` (`user_id`),
  KEY `index_reports_on_comment_id` (`comment_id`),
  KEY `index_reports_on_subcomment_id` (`subcomment_id`),
  KEY `index_reports_on_reportcategory_id` (`reportcategory_id`),
  CONSTRAINT `fk_rails_1c468b084d` FOREIGN KEY (`subcomment_id`) REFERENCES `subcomments` (`id`),
  CONSTRAINT `fk_rails_5c276d8755` FOREIGN KEY (`article_id`) REFERENCES `articles` (`id`),
  CONSTRAINT `fk_rails_bc3addd41c` FOREIGN KEY (`comment_id`) REFERENCES `comments` (`id`),
  CONSTRAINT `fk_rails_c7699d537d` FOREIGN KEY (`user_id`) REFERENCES `users` (`id`),
  CONSTRAINT `fk_rails_edfaffabce` FOREIGN KEY (`reportcategory_id`) REFERENCES `reportcategories` (`id`)
) ENGINE=InnoDB DEFAULT CHARSET=latin1;
/*!40101 SET character_set_client = @saved_cs_client */;

--
-- Dumping data for table `reports`
--

LOCK TABLES `reports` WRITE;
/*!40000 ALTER TABLE `reports` DISABLE KEYS */;
/*!40000 ALTER TABLE `reports` ENABLE KEYS */;
UNLOCK TABLES;

--
-- Table structure for table `schema_migrations`
--

DROP TABLE IF EXISTS `schema_migrations`;
/*!40101 SET @saved_cs_client     = @@character_set_client */;
/*!40101 SET character_set_client = utf8 */;
CREATE TABLE `schema_migrations` (
  `version` varchar(255) NOT NULL,
  PRIMARY KEY (`version`)
) ENGINE=InnoDB DEFAULT CHARSET=latin1;
/*!40101 SET character_set_client = @saved_cs_client */;

--
-- Dumping data for table `schema_migrations`
--

LOCK TABLES `schema_migrations` WRITE;
/*!40000 ALTER TABLE `schema_migrations` DISABLE KEYS */;
INSERT INTO `schema_migrations` VALUES ('20190607055814'),('20190608152155'),('20190609011418'),('20190609011422'),('20190616035148'),('20190616035329'),('20190616134200'),('20190619105218'),('20190620030608'),('20190628124504'),('20190628133251'),('20190628134447'),('20190628135516'),('20190628135616'),('20190628140501'),('20190628151328'),('20190628151443'),('20190628152710'),('20190628153048'),('20190628153402'),('20190628153648'),('20190706102053'),('20190707122708'),('20190707123101'),('20190707124205'),('20190707124830'),('20190707144130'),('20190708024740'),('20190711050944'),('20190711051247'),('20190711051306'),('20190711051800'),('20190711053914'),('20190711153643'),('20190711154026'),('20190711154458'),('20190712101254'),('20190712101536'),('20190714150125'),('20190728050650'),('20190728135811'),('20190728140528'),('20190818034342'),('20190818064230'),('20190818064700'),('20190818073935'),('20190902113434'),('20190903052845'),('20190903142054'),('20190903142542'),('20190903151158'),('20190904150402'),('20190905011724'),('20190905042440'),('20190905145816'),('20190905145854'),('20190907042219'),('20190907103834'),('20190907132634'),('20190908075307'),('20190908080158'),('20190909053947'),('20190909054230'),('20190910011115'),('20190910092508'),('20190912031344'),('20190914064912'),('20190914072846'),('20190914094255'),('20190916104036'),('20190917031329'),('20190920072117'),('20190920072754'),('20190924095913'),('20190925144041'),('20190925154123'),('20200625164544'),('20200706022343'),('20200706024622'),('20200706025818'),('20200706030414'),('20200706031951'),('20200706034303'),('20200706035733'),('20200706041809'),('20200706042257'),('20200706155559'),('20200706162401'),('20200707091547'),('20200707091838'),('20200708125229'),('20200710124127'),('20200717133244'),('20200724102835'),('20200802080056'),('20200802173847'),('20200802173951'),('20200808075601'),('20200811192914'),('20200811193113'),('20200819163119'),('20200819163402'),('20200821043702'),('20200829114117'),('20200829115502'),('20200831021207'),('20200831021406'),('20200831021656'),('20200831024034'),('20200831024756'),('20200831030220'),('20200906144226'),('20200907134530'),('20200908145501'),('20200908145744');
/*!40000 ALTER TABLE `schema_migrations` ENABLE KEYS */;
UNLOCK TABLES;

--
-- Table structure for table `subcomments`
--

DROP TABLE IF EXISTS `subcomments`;
/*!40101 SET @saved_cs_client     = @@character_set_client */;
/*!40101 SET character_set_client = utf8 */;
CREATE TABLE `subcomments` (
  `id` bigint(20) NOT NULL AUTO_INCREMENT,
  `content` text,
  `user_id` bigint(20) DEFAULT NULL,
  `created_at` datetime NOT NULL,
  `updated_at` datetime NOT NULL,
  `comment_id` bigint(20) DEFAULT NULL,
  `points` int(11) DEFAULT NULL,
  `replytouser` int(11) DEFAULT NULL,
  PRIMARY KEY (`id`),
  KEY `index_subcomments_on_user_id` (`user_id`),
  KEY `index_subcomments_on_comment_id` (`comment_id`),
  CONSTRAINT `fk_rails_7c87e2401c` FOREIGN KEY (`comment_id`) REFERENCES `comments` (`id`),
  CONSTRAINT `fk_rails_f1e087dd26` FOREIGN KEY (`user_id`) REFERENCES `users` (`id`)
) ENGINE=InnoDB AUTO_INCREMENT=106 DEFAULT CHARSET=latin1;
/*!40101 SET character_set_client = @saved_cs_client */;

--
-- Dumping data for table `subcomments`
--

LOCK TABLES `subcomments` WRITE;
/*!40000 ALTER TABLE `subcomments` DISABLE KEYS */;
INSERT INTO `subcomments` VALUES (68,'@asd zvzv',25,'2020-08-02 11:00:58','2020-08-02 11:00:58',69,0,25),(71,'@asd xzczxcasdq',25,'2020-08-02 12:22:26','2020-08-02 12:22:26',69,0,25),(88,'@asd asdsazxc',35,'2020-08-16 06:34:50','2020-08-16 06:34:50',67,0,25),(89,'@Tuan Vu adsaczxx',35,'2020-08-16 06:36:22','2020-08-16 06:36:22',149,0,35),(90,'@Tuan Vu sczxczxv',35,'2020-08-16 07:01:36','2020-08-16 07:01:36',154,0,35),(91,'qwe23e32adasd',35,'2020-08-16 07:01:39','2020-08-16 07:01:39',154,0,NULL),(95,'@prod asdas',41,'2020-08-20 10:22:21','2020-08-20 10:22:21',160,0,41),(97,'@Tuan Vu sdsad',35,'2020-08-26 19:00:36','2020-08-26 19:00:36',159,0,35),(98,'@Tuan Vu sdflksdfkl',35,'2020-08-29 18:21:09','2020-08-29 18:21:09',169,0,35),(99,'11 Is there a problem doing [data.statuses].concat(allStatuses); If you are using ES6, you can do var newStatuses = [data.statuses, ...allStatuses] share edit follow answered Jan 20 \'16 at 15:25',35,'2020-08-29 18:21:39','2020-08-29 18:21:39',169,0,NULL),(100,'For absolutely-positioned elements, it aligns an item inside its containing block on the inline axis, accounting for the offset values of top, left, bottom, and right.',35,'2020-08-29 18:28:38','2020-08-29 18:28:38',169,0,NULL),(101,'@Tuan Vu For absolutely-positioned elements, it aligns an item inside its containing block on the inline axis, accounting for the offset values of top, left, bottom, and right.',35,'2020-08-29 18:29:13','2020-08-29 18:29:13',169,0,35),(102,'@Tuan Vu vslds;d',35,'2020-08-29 18:47:58','2020-08-29 18:47:58',169,0,35),(103,'@Tuan Vu sdfsdfnkl',35,'2020-09-07 11:30:28','2020-09-07 11:30:28',171,0,35),(104,'@Tuan Vu sdkalsdlas',35,'2020-09-08 05:57:43','2020-09-08 05:57:43',190,0,35),(105,'@Tuan Vu sd;sdf;dsf',25,'2020-09-08 06:19:19','2020-09-08 06:19:19',190,0,35);
/*!40000 ALTER TABLE `subcomments` ENABLE KEYS */;
UNLOCK TABLES;

--
-- Table structure for table `subscriber_records`
--

DROP TABLE IF EXISTS `subscriber_records`;
/*!40101 SET @saved_cs_client     = @@character_set_client */;
/*!40101 SET character_set_client = utf8 */;
CREATE TABLE `subscriber_records` (
  `id` bigint(20) NOT NULL AUTO_INCREMENT,
  `subscriber` int(11) DEFAULT NULL,
  `subscribeto` int(11) DEFAULT NULL,
  `status` varchar(255) DEFAULT NULL,
  PRIMARY KEY (`id`)
) ENGINE=InnoDB AUTO_INCREMENT=106 DEFAULT CHARSET=latin1;
/*!40101 SET character_set_client = @saved_cs_client */;

--
-- Dumping data for table `subscriber_records`
--

LOCK TABLES `subscriber_records` WRITE;
/*!40000 ALTER TABLE `subscriber_records` DISABLE KEYS */;
INSERT INTO `subscriber_records` VALUES (104,25,35,'active'),(105,35,25,'active');
/*!40000 ALTER TABLE `subscriber_records` ENABLE KEYS */;
UNLOCK TABLES;

--
-- Table structure for table `tags`
--

DROP TABLE IF EXISTS `tags`;
/*!40101 SET @saved_cs_client     = @@character_set_client */;
/*!40101 SET character_set_client = utf8 */;
CREATE TABLE `tags` (
  `id` bigint(20) NOT NULL AUTO_INCREMENT,
  `name` varchar(255) DEFAULT NULL,
  `icon` varchar(255) DEFAULT NULL,
  `created_at` datetime NOT NULL,
  `updated_at` datetime NOT NULL,
  `imageurl` varchar(255) DEFAULT NULL,
  `slug` varchar(255) DEFAULT NULL,
  PRIMARY KEY (`id`)
) ENGINE=InnoDB AUTO_INCREMENT=112 DEFAULT CHARSET=latin1;
/*!40101 SET character_set_client = @saved_cs_client */;

--
-- Dumping data for table `tags`
--

LOCK TABLES `tags` WRITE;
/*!40000 ALTER TABLE `tags` DISABLE KEYS */;
INSERT INTO `tags` VALUES (1,'how',NULL,'2020-07-26 09:26:35','2020-07-26 09:26:35',NULL,'how'),(2,'does',NULL,'2020-07-26 09:26:35','2020-07-26 09:26:35',NULL,'does'),(3,'he',NULL,'2020-07-26 09:26:35','2020-07-26 09:26:35',NULL,'he'),(4,'start the',NULL,'2020-07-26 09:26:35','2020-07-26 09:26:35',NULL,'start-the'),(5,'war',NULL,'2020-07-26 09:26:35','2020-07-26 09:26:35',NULL,'war'),(6,'asd',NULL,'2020-07-26 09:26:35','2020-07-26 09:26:35',NULL,'asd'),(7,'sd',NULL,'2020-07-26 09:26:35','2020-07-26 09:26:35',NULL,'sd'),(8,'rew',NULL,'2020-07-26 09:26:35','2020-07-26 09:26:35',NULL,'rew'),(9,'w',NULL,'2020-07-26 09:26:35','2020-07-26 09:26:35',NULL,'w'),(10,'e',NULL,'2020-07-26 09:26:35','2020-07-26 09:26:35',NULL,'e'),(11,'gfd',NULL,'2020-07-26 09:26:35','2020-07-26 09:26:35',NULL,'gfd'),(12,'g',NULL,'2020-07-26 09:26:35','2020-07-26 09:26:35',NULL,'g'),(13,'b',NULL,'2020-07-26 09:26:35','2020-07-26 09:26:35',NULL,'b'),(14,'xb',NULL,'2020-07-26 09:26:35','2020-07-26 09:26:35',NULL,'xb'),(15,'bfdgh',NULL,'2020-07-26 09:26:35','2020-07-26 09:26:35',NULL,'bfdgh'),(16,'er',NULL,'2020-07-26 09:26:35','2020-07-26 09:26:35',NULL,'er'),(17,'gd',NULL,'2020-07-26 09:26:35','2020-07-26 09:26:35',NULL,'gd'),(18,'fg',NULL,'2020-07-26 09:26:35','2020-07-26 09:26:35',NULL,'fg'),(19,'dfh',NULL,'2020-07-26 09:26:35','2020-07-26 09:26:35',NULL,'dfh'),(20,'dfher',NULL,'2020-07-26 09:26:35','2020-07-26 09:26:35',NULL,'dfher'),(21,'t',NULL,'2020-07-26 09:26:35','2020-07-26 09:26:35',NULL,'t'),(22,'ert',NULL,'2020-07-26 09:26:35','2020-07-26 09:26:35',NULL,'ert'),(23,'s',NULL,'2020-07-26 09:26:35','2020-07-26 09:26:35',NULL,'s'),(24,'fd',NULL,'2020-07-26 09:26:35','2020-07-26 09:26:35',NULL,'fd'),(25,'sdsdf',NULL,'2020-07-26 09:26:35','2020-07-26 09:26:35',NULL,'sdsdf'),(26,'wee',NULL,'2020-07-26 09:26:35','2020-07-26 09:26:35',NULL,'wee'),(27,'r',NULL,'2020-07-26 09:26:35','2020-07-26 09:26:35',NULL,'r'),(28,'wet',NULL,'2020-07-26 09:26:35','2020-07-26 09:26:35',NULL,'wet'),(29,'we',NULL,'2020-07-26 09:26:35','2020-07-26 09:26:35',NULL,'we'),(30,'tsdg',NULL,'2020-07-26 09:26:35','2020-07-26 09:26:35',NULL,'tsdg'),(31,'sgs',NULL,'2020-07-26 09:26:35','2020-07-26 09:26:35',NULL,'sgs'),(32,'dg',NULL,'2020-07-26 09:26:35','2020-07-26 09:26:35',NULL,'dg'),(33,'ds',NULL,'2020-07-26 09:26:35','2020-07-26 09:26:35',NULL,'ds'),(34,'no art',NULL,'2020-07-26 09:26:35','2020-07-26 09:26:35',NULL,'no-art'),(35,'wer',NULL,'2020-07-26 09:26:35','2020-07-26 09:26:35',NULL,'wer'),(36,'cv',NULL,'2020-07-26 09:26:35','2020-07-26 09:26:35',NULL,'cv'),(37,'xc',NULL,'2020-07-26 09:26:35','2020-07-26 09:26:35',NULL,'xc'),(38,'db',NULL,'2020-07-26 09:26:35','2020-07-26 09:26:35',NULL,'db'),(39,'123',NULL,'2020-07-26 09:26:35','2020-07-26 09:26:35',NULL,'123'),(40,'wedsa',NULL,'2020-07-26 09:26:35','2020-07-26 09:26:35',NULL,'wedsa'),(41,'asdaa',NULL,'2020-07-26 09:26:35','2020-07-26 09:26:35',NULL,'asdaa'),(42,'ad',NULL,'2020-07-26 09:26:35','2020-07-26 09:26:35',NULL,'ad'),(43,'asdasd',NULL,'2020-07-26 09:26:35','2020-07-26 09:26:35',NULL,'asdasd'),(44,'423534',NULL,'2020-07-26 09:26:35','2020-07-26 09:26:35',NULL,'423534'),(45,'123df',NULL,'2020-07-26 09:26:35','2020-07-26 09:26:35',NULL,'123df'),(46,'zxc',NULL,'2020-07-26 09:26:35','2020-07-26 09:26:35',NULL,'zxc'),(47,'sda',NULL,'2020-07-26 09:26:35','2020-07-26 09:26:35',NULL,'sda'),(48,'xzcxzc',NULL,'2020-07-26 09:26:35','2020-07-26 09:26:35',NULL,'xzcxzc'),(49,'asds',NULL,'2020-07-26 09:26:35','2020-07-26 09:26:35',NULL,'asds'),(50,'v',NULL,'2020-07-26 09:26:35','2020-07-26 09:26:35',NULL,'v'),(51,'werf',NULL,'2020-07-26 09:26:35','2020-07-26 09:26:35',NULL,'werf'),(52,'fgdfg',NULL,'2020-07-26 09:26:35','2020-07-26 09:26:35',NULL,'fgdfg'),(53,'cvb',NULL,'2020-07-26 09:26:35','2020-07-26 09:26:35',NULL,'cvb'),(54,'dgf',NULL,'2020-07-26 09:26:35','2020-07-26 09:26:35',NULL,'dgf'),(55,'yerty',NULL,'2020-07-26 09:26:35','2020-07-26 09:26:35',NULL,'yerty'),(56,'werfcvb',NULL,'2020-07-26 09:26:35','2020-07-26 09:26:35',NULL,'werfcvb'),(57,'sdfsdf',NULL,'2020-07-26 09:26:35','2020-07-26 09:26:35',NULL,'sdfsdf'),(58,'werwer',NULL,'2020-07-26 09:26:35','2020-07-26 09:26:35',NULL,'werwer'),(59,'sdf',NULL,'2020-07-26 09:26:35','2020-07-26 09:26:35',NULL,'sdf'),(60,'sdfdsf sdfdsfwer sdfcxv',NULL,'2020-07-26 09:26:35','2020-07-26 09:26:35',NULL,'sdfdsf-sdfdsfwer-sdfcxv'),(61,'asdw',NULL,'2020-07-26 09:26:35','2020-07-26 09:26:35',NULL,'asdw'),(62,'funniq',NULL,'2020-07-26 09:26:35','2020-07-26 09:26:35',NULL,'funniq'),(63,'asdqw',NULL,'2020-07-26 09:26:35','2020-07-26 09:26:35',NULL,'asdqw'),(64,'dfgfg',NULL,'2020-07-26 09:26:35','2020-07-26 09:26:35',NULL,'dfgfg'),(65,'howdie',NULL,'2020-07-26 09:26:35','2020-07-26 09:26:35',NULL,'howdie'),(66,'dsf',NULL,'2020-07-26 09:26:35','2020-07-26 09:26:35',NULL,'dsf'),(67,'dfd',NULL,'2020-07-26 09:26:35','2020-07-26 09:26:35',NULL,'dfd'),(68,'ew',NULL,'2020-07-26 09:26:35','2020-07-26 09:26:35',NULL,'ew'),(69,'asdsad',NULL,'2020-07-26 09:26:35','2020-07-26 09:26:35',NULL,'asdsad'),(70,'sdfds',NULL,'2020-07-26 09:35:24','2020-07-26 09:35:24',NULL,'sdfds'),(71,'xcvxcv',NULL,'2020-07-26 09:35:24','2020-07-26 09:35:24',NULL,'xcvxcv'),(72,'asdxz',NULL,'2020-07-31 18:14:47','2020-07-31 18:14:47',NULL,'asdxz'),(73,'zxczxva',NULL,'2020-07-31 18:14:47','2020-07-31 18:14:47',NULL,'zxczxva'),(74,'qweqwe',NULL,'2020-07-31 18:14:47','2020-07-31 18:14:47',NULL,'qweqwe'),(75,'asdd',NULL,'2020-07-31 18:14:47','2020-07-31 18:14:47',NULL,'asdd'),(76,'asdzxc',NULL,'2020-08-01 02:27:56','2020-08-01 02:27:56',NULL,'asdzxc'),(77,'qwe',NULL,'2020-08-01 02:27:56','2020-08-01 02:27:56',NULL,'qwe'),(78,'sfsdf',NULL,'2020-08-01 02:28:53','2020-08-01 02:28:53',NULL,'sfsdf'),(79,'xcvxc',NULL,'2020-08-01 02:28:53','2020-08-01 02:28:53',NULL,'xcvxc'),(80,'werewr',NULL,'2020-08-01 02:28:53','2020-08-01 02:28:53',NULL,'werewr'),(81,'wrtwer',NULL,'2020-08-01 02:41:24','2020-08-01 02:41:24',NULL,'wrtwer'),(82,'xcv',NULL,'2020-08-01 02:41:24','2020-08-01 02:41:24',NULL,'xcv'),(83,'sdfqw',NULL,'2020-08-01 02:41:24','2020-08-01 02:41:24',NULL,'sdfqw'),(84,'dfds',NULL,'2020-08-02 14:07:00','2020-08-02 14:07:00',NULL,'dfds'),(85,'xvz',NULL,'2020-08-02 14:07:00','2020-08-02 14:07:00',NULL,'xvz'),(86,'df',NULL,'2020-08-02 14:09:16','2020-08-02 14:09:16',NULL,'df'),(87,'las',NULL,'2020-08-02 14:11:17','2020-08-02 14:11:17',NULL,'las'),(88,'t1',NULL,'2020-08-02 15:46:09','2020-08-02 15:46:09',NULL,'t1'),(89,'t2',NULL,'2020-08-02 15:46:09','2020-08-02 15:46:09',NULL,'t2'),(90,'t3',NULL,'2020-08-02 15:46:09','2020-08-02 15:46:09',NULL,'t3'),(91,'t4',NULL,'2020-08-02 15:46:09','2020-08-02 15:46:09',NULL,'t4'),(92,'asdq',NULL,'2020-08-02 15:59:28','2020-08-02 15:59:28',NULL,'asdq'),(93,'qweqw',NULL,'2020-08-02 15:59:28','2020-08-02 15:59:28',NULL,'qweqw'),(94,'t5',NULL,'2020-08-02 15:59:47','2020-08-02 15:59:47',NULL,'t5'),(95,'as',NULL,'2020-08-09 18:41:35','2020-08-09 18:41:35',NULL,'as'),(96,'to',NULL,'2020-08-09 18:46:34','2020-08-09 18:46:34',NULL,'to'),(97,'break',NULL,'2020-08-09 18:46:34','2020-08-09 18:46:34',NULL,'break'),(98,'the lab',NULL,'2020-08-09 18:46:34','2020-08-09 18:46:34',NULL,'the-lab'),(99,'tag',NULL,'2020-08-14 14:32:43','2020-08-14 14:32:43',NULL,'tag'),(100,'tasd',NULL,'2020-08-14 14:47:48','2020-08-14 14:47:48',NULL,'tasd'),(101,'sdfdsf',NULL,'2020-08-16 06:48:05','2020-08-16 06:48:05',NULL,'sdfdsf'),(102,'asdad',NULL,'2020-08-16 06:48:05','2020-08-16 06:48:05',NULL,'asdad'),(103,'xcxc',NULL,'2020-08-22 19:15:53','2020-08-22 19:15:53',NULL,'xcxc'),(104,'xzczxc',NULL,'2020-08-22 19:15:53','2020-08-22 19:15:53',NULL,'xzczxc'),(105,'nsfw',NULL,'2020-08-22 19:43:27','2020-08-22 19:43:27',NULL,'nsfw'),(106,'asdxzc',NULL,'2020-08-24 09:24:15','2020-08-24 09:24:15',NULL,'asdxzc'),(107,'svxc',NULL,'2020-08-24 09:34:55','2020-08-24 09:34:55',NULL,'svxc'),(108,'cx',NULL,'2020-08-24 09:43:22','2020-08-24 09:43:22',NULL,'cx'),(109,'sfsdxvxv',NULL,'2020-08-24 09:53:14','2020-08-24 09:53:14',NULL,'sfsdxvxv'),(110,'asdsa',NULL,'2020-08-28 19:32:24','2020-08-28 19:32:24',NULL,'asdsa'),(111,'zxcl',NULL,'2020-08-28 19:32:24','2020-08-28 19:32:24',NULL,'zxcl');
/*!40000 ALTER TABLE `tags` ENABLE KEYS */;
UNLOCK TABLES;

--
-- Table structure for table `trendings`
--

DROP TABLE IF EXISTS `trendings`;
/*!40101 SET @saved_cs_client     = @@character_set_client */;
/*!40101 SET character_set_client = utf8 */;
CREATE TABLE `trendings` (
  `id` bigint(20) NOT NULL AUTO_INCREMENT,
  `name` varchar(255) DEFAULT NULL,
  `description` text,
  `icon` varchar(255) DEFAULT NULL,
  `created_at` datetime NOT NULL,
  `updated_at` datetime NOT NULL,
  PRIMARY KEY (`id`)
) ENGINE=InnoDB DEFAULT CHARSET=latin1;
/*!40101 SET character_set_client = @saved_cs_client */;

--
-- Dumping data for table `trendings`
--

LOCK TABLES `trendings` WRITE;
/*!40000 ALTER TABLE `trendings` DISABLE KEYS */;
/*!40000 ALTER TABLE `trendings` ENABLE KEYS */;
UNLOCK TABLES;

--
-- Table structure for table `userprofiles`
--

DROP TABLE IF EXISTS `userprofiles`;
/*!40101 SET @saved_cs_client     = @@character_set_client */;
/*!40101 SET character_set_client = utf8 */;
CREATE TABLE `userprofiles` (
  `id` bigint(20) NOT NULL AUTO_INCREMENT,
  `user_id` bigint(20) DEFAULT NULL,
  `age` int(11) DEFAULT NULL,
  `gender` varchar(255) DEFAULT NULL,
  `birthday` date DEFAULT NULL,
  `country` varchar(255) DEFAULT NULL,
  `description` text,
  `created_at` datetime NOT NULL,
  `updated_at` datetime NOT NULL,
  PRIMARY KEY (`id`),
  KEY `index_userprofiles_on_user_id` (`user_id`),
  CONSTRAINT `fk_rails_d4607f922a` FOREIGN KEY (`user_id`) REFERENCES `users` (`id`)
) ENGINE=InnoDB AUTO_INCREMENT=62 DEFAULT CHARSET=latin1;
/*!40101 SET character_set_client = @saved_cs_client */;

--
-- Dumping data for table `userprofiles`
--

LOCK TABLES `userprofiles` WRITE;
/*!40000 ALTER TABLE `userprofiles` DISABLE KEYS */;
INSERT INTO `userprofiles` VALUES (20,20,NULL,NULL,NULL,NULL,NULL,'2020-07-26 09:41:59','2020-07-26 09:41:59'),(21,21,NULL,NULL,NULL,NULL,NULL,'2020-07-26 09:56:59','2020-07-26 09:56:59'),(22,22,NULL,NULL,NULL,NULL,NULL,'2020-07-26 11:42:24','2020-07-26 11:42:24'),(24,24,NULL,NULL,NULL,NULL,NULL,'2020-07-31 15:59:52','2020-07-31 15:59:52'),(25,25,NULL,NULL,NULL,NULL,NULL,'2020-07-31 18:16:33','2020-07-31 18:16:33'),(26,26,NULL,NULL,NULL,NULL,NULL,'2020-08-06 11:10:05','2020-08-06 11:10:05'),(27,27,NULL,NULL,NULL,'Argentina',NULL,'2020-08-06 11:14:45','2020-08-06 14:29:08'),(33,33,14,NULL,NULL,NULL,NULL,'2020-08-14 18:32:32','2020-08-14 18:33:27'),(34,34,14,NULL,NULL,NULL,NULL,'2020-08-14 18:34:06','2020-08-14 18:34:06'),(35,35,14,'male','2020-09-04','Algeria','dcsdcsdc','2020-08-14 18:59:13','2020-09-08 15:46:11'),(36,36,14,NULL,NULL,NULL,NULL,'2020-08-15 11:17:47','2020-08-15 11:17:47'),(37,37,14,NULL,NULL,NULL,NULL,'2020-08-15 11:18:56','2020-08-15 11:18:56'),(38,38,14,NULL,NULL,NULL,NULL,'2020-08-20 04:20:49','2020-08-20 04:20:49'),(39,39,14,NULL,NULL,NULL,NULL,'2020-08-20 04:21:42','2020-08-20 04:21:42'),(40,40,14,NULL,NULL,NULL,NULL,'2020-08-20 04:22:47','2020-08-20 04:22:47'),(41,41,14,NULL,NULL,NULL,NULL,'2020-08-20 04:24:02','2020-08-20 04:24:02'),(47,47,14,NULL,NULL,NULL,NULL,'2020-09-06 15:18:50','2020-09-06 15:18:50'),(48,48,14,NULL,NULL,NULL,NULL,'2020-09-06 15:22:59','2020-09-06 15:22:59'),(49,49,14,NULL,NULL,NULL,NULL,'2020-09-06 15:27:42','2020-09-06 15:27:42'),(50,50,14,NULL,NULL,NULL,NULL,'2020-09-06 18:18:35','2020-09-06 18:18:35'),(51,51,14,NULL,NULL,NULL,NULL,'2020-09-06 19:17:34','2020-09-06 19:17:34'),(52,52,14,NULL,NULL,NULL,NULL,'2020-09-06 19:26:11','2020-09-06 19:26:11'),(53,53,14,NULL,NULL,NULL,NULL,'2020-09-08 03:30:53','2020-09-08 03:30:53'),(54,54,14,NULL,NULL,NULL,NULL,'2020-09-14 01:38:57','2020-09-14 01:38:57'),(59,60,14,NULL,NULL,NULL,NULL,'2020-09-14 13:59:06','2020-09-14 13:59:06'),(60,61,14,NULL,NULL,NULL,NULL,'2020-09-20 05:36:46','2020-09-20 05:36:46'),(61,62,14,NULL,NULL,NULL,NULL,'2020-09-20 05:49:06','2020-09-20 05:49:06');
/*!40000 ALTER TABLE `userprofiles` ENABLE KEYS */;
UNLOCK TABLES;

--
-- Table structure for table `users`
--

DROP TABLE IF EXISTS `users`;
/*!40101 SET @saved_cs_client     = @@character_set_client */;
/*!40101 SET character_set_client = utf8 */;
CREATE TABLE `users` (
  `id` bigint(20) NOT NULL AUTO_INCREMENT,
  `email` varchar(255) DEFAULT NULL,
  `created_at` datetime NOT NULL,
  `updated_at` datetime NOT NULL,
  `name` varchar(255) DEFAULT NULL,
  `provider` varchar(255) DEFAULT NULL,
  `image` varchar(255) DEFAULT NULL,
  `encrypted_password` varchar(255) NOT NULL DEFAULT '',
  `reset_password_token` varchar(255) DEFAULT NULL,
  `reset_password_sent_at` datetime DEFAULT NULL,
  `remember_created_at` datetime DEFAULT NULL,
  `authentication_token` varchar(30) DEFAULT NULL,
  `status` varchar(255) DEFAULT NULL,
  `password_init` tinyint(1) DEFAULT NULL,
  `slug` varchar(255) DEFAULT NULL,
  `password_digest` varchar(255) DEFAULT NULL,
  `points` bigint(20) DEFAULT NULL,
  `level` int(11) DEFAULT NULL,
  `lastloginip` varchar(255) DEFAULT NULL,
  `uuid` varchar(255) DEFAULT NULL,
  PRIMARY KEY (`id`),
  UNIQUE KEY `index_users_on_reset_password_token` (`reset_password_token`),
  UNIQUE KEY `index_users_on_authentication_token` (`authentication_token`)
) ENGINE=InnoDB AUTO_INCREMENT=63 DEFAULT CHARSET=latin1;
/*!40101 SET character_set_client = @saved_cs_client */;

--
-- Dumping data for table `users`
--

LOCK TABLES `users` WRITE;
/*!40000 ALTER TABLE `users` DISABLE KEYS */;
INSERT INTO `users` VALUES (20,'tuan@gmail.com','2020-07-26 09:41:59','2020-09-06 14:59:28','tuan@gmail.com','email',NULL,'',NULL,NULL,NULL,'F9rRn1EdvaSwewQTXqYogqLA','active',1,'tuan-gmail-com','$2a$12$YPqkG5lV0o1mPT59UBtXreyVCyZGjOC33OPXycL8cwB/aKY3KiaVO',1469,33,'127.0.0.1','69c820c2b6f2'),(21,'u1@gmail.com','2020-07-26 09:56:59','2020-09-06 14:59:28','u1','email',NULL,'',NULL,NULL,NULL,'GNAYTTUxTRWuhrmsWXdMpUjt','active',1,'u1','$2a$12$NC5GGzLrRIgMH/vq4IFA/O.SgwGVt4473QsTVzI8OgiS9EaTcjpe6',1200,32,NULL,'cd1eba12178e'),(22,'u2@gmail.com','2020-07-26 11:42:24','2020-09-06 14:59:28','u2','email',NULL,'',NULL,NULL,NULL,'Y23FJraK9LymX3exWRBxhBUx','active',1,'u2','$2a$12$M.wVdezFeXmSwI.TaAHFbu41GKkw63fvKiE1Pn8BMdxnSSCrk7aXi',1200,32,NULL,'5edb6c1e87b4'),(24,'tuanmoc0606@gmail.com','2020-07-31 15:59:52','2020-09-06 14:59:28','Vu Tuan','google',NULL,'',NULL,NULL,NULL,'YNXrWaBKnkHvU7KSANGRgCpt','active',0,'vu-tuan','$2a$12$WLZLBjZHRhpzAxJootTgIubPpLNmGVhmrV2oTSr0gkCxHvsZXehqC',1200,32,NULL,'c6db311b8694'),(25,'asd@asd.com','2020-07-31 18:16:33','2020-09-11 15:57:52','dajdlkasdlasldalsjdlaskjdlkajdlkjaslkdjalksjdlkasjd','email',NULL,'',NULL,NULL,NULL,'TnHFy5UnCm98xX4yacquLxFA','active',1,'dajdlkasdlasldalsjdlaskjdlkajdlkjaslkdjalksjdlkasjd','$2a$12$3gTzEKCtC5HgR/yrrTHSz.jJPguqE0sWA.LoEJYzeRzRNAPObdyg6',1446,33,'127.0.0.1','e4e5eaab6449'),(26,'aaa@aaa.com','2020-08-06 11:10:05','2020-09-06 14:59:28','aaa@aaa','email',NULL,'',NULL,NULL,NULL,'qShsi8FfFb59e6TvgAvvRR4b','active',1,'aaa-aaa','$2a$12$Mzg9ptXIr4/M4qB7tI5GPO5tDKIJGIKq6b1crMXqI4Bmvp3HPx6BG',1200,32,NULL,'a43db35fbdd9'),(27,'asssx@gmail.com','2020-08-06 11:14:45','2020-09-06 14:59:28','asssx','email',NULL,'',NULL,NULL,NULL,'9X5BvEfgcntwMc7LLqP2UpsG','active',1,'asssx','$2a$12$ejjlozIa2Y9JGBuHrvSmYORFMu8TTZNYdJ069iu.e2iXm/TE/yDHq',1204,32,NULL,'627045e60862'),(33,'toko@gmail','2020-08-14 18:32:32','2020-09-06 14:59:28','toko','email',NULL,'',NULL,NULL,NULL,'hBeaVxGQZfSYtF7RVwsB2oX5','active',1,'toko','$2a$12$xZD1mDKT4l3ilImXpQdu9ejNJWPP0wTXY57YoiP2iVj7GXkJJmQgy',0,56,NULL,'781640ac8115'),(34,'asd@12dasd','2020-08-14 18:34:06','2020-09-06 14:59:28','masd','email',NULL,'',NULL,NULL,NULL,'rakkaJzQZ9omwXwtfFV5ZRSE','active',1,'masd','$2a$12$iOUgOcEv/kmgIiihvuoCquNMIFBj/ckOYWC5KEpm/4.SjugR26WU6',0,56,NULL,'9f7f4f03386f'),(35,'tuanvu0695@gmail.com','2020-08-14 18:59:13','2020-09-14 01:37:30','Tuan Vu','facebook',NULL,'','6f5f991f706601ed79b2','2020-08-19 14:14:28',NULL,'tF6Pjvyzx1MUxmHmWNkU7DAc','active',0,'tuan-vu','$2a$12$jJWmgRHhIQezDoznxkRzf.Qh/jSv5rLEBd0P6JTZlzGNERytxg6uy',8524,43,'127.0.0.1','817d543dd365'),(36,'123@gmail.com','2020-08-15 11:17:47','2020-09-06 14:59:28','qweqweasad','email',NULL,'',NULL,NULL,NULL,'bixGesddenFYdGDXzn7UWi72','active',1,'qweqweasad','$2a$12$wUhdLUb0bofh2wZPaCZcZupGoKSNhOldtMD1zQAvV.FbMUI22dY6O',0,56,NULL,'73a0c4c2917d'),(37,'qwe@weqwe.com','2020-08-15 11:18:56','2020-09-06 14:59:28','tuanpro','email',NULL,'',NULL,NULL,NULL,'p9p7SyZEUCV5woUgrPcFoioK','active',1,'tuanpro','$2a$12$VSCFniP/YUSYrWG72T.nL.GEFHhydjCPZNNgYyCEJt4jKZpA0a/7.',0,56,NULL,'980a91097d3c'),(38,'dcm@gmail.com','2020-08-20 04:20:49','2020-09-06 14:59:28','dcm','email',NULL,'',NULL,NULL,NULL,'vjsiLdbcANm1KkBJVTcJYV7e','active',1,'dcm','$2a$12$TBoATmLtpTKRENCyAvWlk.1lf4PDA1TbVoZSWR7ZWdsuGDdLEGy9a',0,56,'127.0.0.1','6feea21ca5ca'),(39,'acn@gmail.com','2020-08-20 04:21:42','2020-09-06 14:59:28','acn','email',NULL,'',NULL,NULL,NULL,'phQYaXm1LiphiyVSw2S8qsb5','active',1,'acn','$2a$12$DVAf7SMuUvQp0z1vlUV6eeQ6eg0BEI1l92RJW.a0rlqpXN2H8wtfe',0,56,'127.0.0.1','b6336d09a819'),(40,'user@amgil.com','2020-08-20 04:22:47','2020-09-06 14:59:28','user1','email',NULL,'',NULL,NULL,NULL,'RVhaUHXQC68uCCjZ7QZPB5vn','active',1,'user1','$2a$12$HAznHRTGptiYoX3sb29ozOH/9uFjbPyXWvy4cdhvQqu769HLqZt.a',0,56,'127.0.0.1','66932472ae2a'),(41,'pdse@gmail.com','2020-08-20 04:24:02','2020-09-06 14:59:28','prod','email',NULL,'',NULL,NULL,NULL,'8bpX5XEn2kTYpj461y9aMWqj','active',1,'prod','$2a$12$aoh1Mku9bhR2RZTgVNeNl.RGENrFJ1suAshpmDDCEgakxOwZzBTGO',6,1,'127.0.0.1','707b99a7f4b6'),(47,'userpro1@gmail.com','2020-09-06 15:18:50','2020-09-06 15:22:47','userpro1','email',NULL,'',NULL,NULL,NULL,'EwYugNtyNSghoQFoHb5nRQ29','active',1,'userpro1','$2a$12$3iSAedpr30A8a5qRaKhw9utZ1p1qhMqWUrgGQS5JiR/wHR.gC187e',0,56,'127.0.0.1','c564b9ba4257'),(48,'pro2@gmail.com','2020-09-06 15:22:59','2020-09-06 15:26:38','pro2','email',NULL,'',NULL,NULL,NULL,'JPKA9ufUcUxem9fpqhRzgPKZ','active',1,'pro2','$2a$12$Mpr6IsqC6jxbTtSEWSXM2.OKX1/QmRPKmsv.WX.Hci79l9Uoy7Wqm',0,56,'127.0.0.1','313d722d9094'),(49,'pro3@gmail.com','2020-09-06 15:27:42','2020-09-06 18:18:21','pro3','email',NULL,'',NULL,NULL,NULL,'RAxnPPBgLpe6AEA7WM3iUd9r','active',1,'pro3','$2a$12$DzMfTPs72SeluMtoh6ScrOkjnAcc9Yj0HgI90pdiwZyBkTnlfxICa',0,56,'127.0.0.1','2cacbdf9a3c0'),(50,'pro23@masd','2020-09-06 18:18:35','2020-09-06 18:18:35','pro23','email',NULL,'',NULL,NULL,NULL,'iqcRssncxndL4o2jiNxWsrGZ','active',1,'pro23','$2a$12$rBqKWXBgKq7H6Xx5usLi1OWr9AtJ7TCWlz28Rfd8n7HH5u8aI8/3u',0,56,'127.0.0.1','068ca17ad369'),(51,'asdasd@dfkjdnsk','2020-09-06 19:17:34','2020-09-06 19:23:54','asdasd','email',NULL,'',NULL,NULL,NULL,'DL3zLQkB4PpqfQnFq4xdLYEq','active',1,'asdasd','$2a$12$1Yy9PfUbuOL4pgBxikPrmuSYopWewS50n2cgF752cFykolWFooDfK',0,56,'127.0.0.1','68d0acba4827'),(52,'asd@asdjasd','2020-09-06 19:26:11','2020-09-07 11:06:26','asdasd','email',NULL,'',NULL,NULL,NULL,'4MPUUCDBBNAAyY97gm4uEay5','active',1,'asdasd','$2a$12$sos45NGRlybOvQB48lo6cuQUs8tZQ5KxVfjFONDwaMjZ6UhA832xq',0,56,'127.0.0.1','fb5b15a14781'),(53,'asd@asdasdas','2020-09-08 03:30:53','2020-09-08 03:46:01','asd@asdasdas','email',NULL,'',NULL,NULL,NULL,'BZJEwApyMHsJTTzJb4s7uBwa','active',1,'asd-asdasdas','$2a$12$baLZRvbBK9Yk1fJZY5.MqOuA0DCB327RAusFKQBRpQ7PXS.AvrLBm',0,56,'127.0.0.1','5f152f3ed089'),(54,'hows@gmail.com','2020-09-14 01:38:57','2020-09-14 03:57:07','hows','email',NULL,'',NULL,NULL,NULL,'UYMUQ6avjJpfTyD3eKSS7rz3','active',1,'hows','$2a$12$TxPgPIez6K5MVEquVYAABOq06ScrsvViUXAFVTHiO5OWdMWOhZ6au',64,15,'127.0.0.1','DHuZdh5A5XemKCAK'),(60,'funniqpage@gmail.com','2020-09-14 13:59:06','2020-09-14 13:59:06','Funniq Official','google',NULL,'',NULL,NULL,NULL,'G6G8UguTN6QrBks9wDTbUCW5','active',0,'funniq-official','$2a$12$5THeRCFJ12QxhRM84WuV4eLyCmYKpHBokLpmUnXLikUrdUh0gDrlm',0,56,'127.0.0.1','dm1MDP6OK9'),(61,'prods@gmail.com','2020-09-20 05:36:46','2020-09-20 05:48:51','prods','email',NULL,'',NULL,NULL,NULL,'X3VMZtpqyJsmbNjnHAUZiY1S','active',1,'prods','$2a$12$F1Z1WEoNWE1Qt9kgpMQjremcxT2.t4YWyxCb3.S5DGmcXYDldizz6',0,1,'127.0.0.1','StwWGMEP8F'),(62,'asdas@gmail.com','2020-09-20 05:49:06','2020-09-20 05:49:06','tra osdfdsf werwer','email',NULL,'',NULL,NULL,NULL,'qVNJ56BJ4z9f7PEt482jMeBH','active',1,'tra-osdfdsf-werwer','$2a$12$NfWJrt6oDhAtjEbI4YZLZ.WOZCd.yarecmRTKLHzhcmjeeSAn0B9C',0,1,'127.0.0.1','JedOGyAQFy');
/*!40000 ALTER TABLE `users` ENABLE KEYS */;
UNLOCK TABLES;

--
-- Table structure for table `videos`
--

DROP TABLE IF EXISTS `videos`;
/*!40101 SET @saved_cs_client     = @@character_set_client */;
/*!40101 SET character_set_client = utf8 */;
CREATE TABLE `videos` (
  `id` bigint(20) NOT NULL AUTO_INCREMENT,
  `name` varchar(255) DEFAULT NULL,
  `url` text,
  `article_id` bigint(20) DEFAULT NULL,
  `created_at` datetime NOT NULL,
  `updated_at` datetime NOT NULL,
  `height` decimal(10,0) DEFAULT NULL,
  `width` decimal(10,0) DEFAULT NULL,
  `thumbnail` varchar(255) DEFAULT NULL,
  PRIMARY KEY (`id`),
  KEY `index_videos_on_article_id` (`article_id`),
  CONSTRAINT `fk_rails_ddcc67cbd8` FOREIGN KEY (`article_id`) REFERENCES `articles` (`id`)
) ENGINE=InnoDB AUTO_INCREMENT=34 DEFAULT CHARSET=latin1;
/*!40101 SET character_set_client = @saved_cs_client */;

--
-- Dumping data for table `videos`
--

LOCK TABLES `videos` WRITE;
/*!40000 ALTER TABLE `videos` DISABLE KEYS */;
INSERT INTO `videos` VALUES (1,'','https://img-9gag-fun.9cache.com/photo/aK79r0j_460svav1.mp4',84,'2020-08-21 05:30:46','2020-08-21 05:30:46',NULL,NULL,'https://www.w3schools.com/w3css/img_lights.jpg'),(2,NULL,'https://firebasestorage.googleapis.com/v0/b/funniq-78dbd.appspot.com/o/funniq_development%2F%40video.videofile.filename?alt=media&token=7a1e3fd5-535e-4e28-b6eb-ea858da42061',157,'2020-09-04 07:12:35','2020-09-04 07:12:35',NULL,NULL,NULL),(3,NULL,'https://firebasestorage.googleapis.com/v0/b/funniq-78dbd.appspot.com/o/funniq_development%2F%40video.videofile.filename?alt=media&token=7a1e3fd5-535e-4e28-b6eb-ea858da42061',157,'2020-09-04 07:12:38','2020-09-04 07:12:38',NULL,NULL,NULL),(4,NULL,'https://firebasestorage.googleapis.com/v0/b/funniq-78dbd.appspot.com/o/funniq_development%2F%40video.videofile.filename?alt=media&token=bae24ab7-27ef-4d8f-89d7-999318d56d69',158,'2020-09-04 08:01:59','2020-09-04 08:01:59',NULL,NULL,NULL),(5,NULL,'https://firebasestorage.googleapis.com/v0/b/funniq-78dbd.appspot.com/o/funniq_development%2F%40video.videofile.filename?alt=media&token=a16d757b-a036-4e3f-b24c-ad09e77b8e77',159,'2020-09-04 08:03:43','2020-09-04 08:03:43',NULL,NULL,NULL),(6,NULL,'https://firebasestorage.googleapis.com/v0/b/funniq-78dbd.appspot.com/o/funniq_development%2F%40video.videofile.filename?alt=media&token=9b837ff3-b380-434a-a89e-0d6ec213237a',160,'2020-09-04 08:04:45','2020-09-04 08:04:45',NULL,NULL,NULL),(7,NULL,'https://firebasestorage.googleapis.com/v0/b/funniq-78dbd.appspot.com/o/funniq_development%2Ffile_example_MP4_480_1_5MG.mp4?alt=media&token=da892238-0353-4ead-94f0-2294b747091c',161,'2020-09-04 08:13:22','2020-09-04 08:13:22',NULL,NULL,NULL),(8,NULL,'https://firebasestorage.googleapis.com/v0/b/funniq-78dbd.appspot.com/o/funniq_development%2Ffile_example_MP4_480_1_5MG.mp4?alt=media&token=40fd681a-0692-4dd8-a921-185283f7d546',162,'2020-09-04 08:15:30','2020-09-04 08:15:30',NULL,NULL,NULL),(9,NULL,'https://firebasestorage.googleapis.com/v0/b/funniq-78dbd.appspot.com/o/funniq_development%2Ffile_example_MP4_480_1_5MG.mp4?alt=media&token=b002907d-8566-4c37-a9a9-e1f9fe7e0fbd',163,'2020-09-04 08:17:55','2020-09-04 08:17:55',NULL,NULL,NULL),(10,NULL,'https://firebasestorage.googleapis.com/v0/b/funniq-78dbd.appspot.com/o/funniq_development%2Ffile_example_MP4_480_1_5MG.mp4?alt=media&token=7b18b931-174e-406a-b176-9d57c592fabd',164,'2020-09-04 08:20:36','2020-09-04 08:20:36',NULL,NULL,NULL),(11,NULL,'https://firebasestorage.googleapis.com/v0/b/funniq-78dbd.appspot.com/o/funniq_development%2Ffile_example_MP4_480_1_5MG.mp4?alt=media&token=e86f3562-9fba-43d3-9449-c4535b1acfa7',165,'2020-09-04 08:33:44','2020-09-04 08:33:44',NULL,NULL,NULL),(12,NULL,'https://firebasestorage.googleapis.com/v0/b/funniq-78dbd.appspot.com/o/funniq_development%2Ffile_example_MP4_480_1_5MG.mp4?alt=media&token=2d251617-1c42-41d4-8714-ca03e39b29ee',166,'2020-09-04 08:35:40','2020-09-04 08:35:40',NULL,NULL,NULL),(13,NULL,'https://firebasestorage.googleapis.com/v0/b/funniq-78dbd.appspot.com/o/funniq_development%2Ffile_example_MP4_480_1_5MG.mp4?alt=media&token=0abc0921-8803-43f4-abfb-21ab45838a60',167,'2020-09-04 08:36:22','2020-09-04 08:36:22',NULL,NULL,NULL),(14,NULL,'https://firebasestorage.googleapis.com/v0/b/funniq-78dbd.appspot.com/o/funniq_development%2Ffile_example_MP4_480_1_5MG.mp4?alt=media&token=5211a048-b1ea-412a-90db-6f1eea490a80',168,'2020-09-04 08:46:32','2020-09-04 08:46:32',NULL,NULL,NULL),(15,NULL,'https://firebasestorage.googleapis.com/v0/b/funniq-78dbd.appspot.com/o/funniq_development%2Fsma.mp4?alt=media&token=32b00c4a-09f5-45ab-93c0-e924bd36358e',169,'2020-09-04 08:48:17','2020-09-04 08:48:17',NULL,NULL,NULL),(16,NULL,'https://firebasestorage.googleapis.com/v0/b/funniq-78dbd.appspot.com/o/funniq_development%2Fsma.mp4?alt=media&token=360afafd-052a-4bdd-a81d-d7fb48e09ca0',170,'2020-09-04 08:50:05','2020-09-04 08:50:05',NULL,NULL,NULL),(17,NULL,'https://firebasestorage.googleapis.com/v0/b/funniq-78dbd.appspot.com/o/funniq_development%2Fsma.mp4?alt=media&token=52c6e9b4-5c93-4c2f-98b7-e6d6fbc9361a',171,'2020-09-04 08:50:42','2020-09-04 08:50:42',NULL,NULL,NULL),(18,NULL,'https://firebasestorage.googleapis.com/v0/b/funniq-78dbd.appspot.com/o/funniq_development%2Ffile_example_MP4_480_1_5MG.mp4?alt=media&token=30f1f2d0-0b75-4abb-9ee2-ea0f9ac7375a',173,'2020-09-04 18:42:15','2020-09-04 18:42:15',NULL,NULL,NULL),(19,NULL,'https://firebasestorage.googleapis.com/v0/b/funniq-78dbd.appspot.com/o/funniq_development%2Fsma.mp4?alt=media&token=8054e021-b4c7-4a1b-b8ab-73e33dc9e918',174,'2020-09-04 18:50:58','2020-09-04 18:50:58',NULL,NULL,'https://firebasestorage.googleapis.com/v0/b/funniq-78dbd.appspot.com/o/funniq_development%2Fsma_thumbnail.jpg?alt=media&token=7c1288b5-0302-49a3-8320-6e2b2b6fbd07'),(20,NULL,'https://firebasestorage.googleapis.com/v0/b/funniq-78dbd.appspot.com/o/funniq_development%2Fu35_78_1599245752104file_example_MP4_480_1_5MG.mp4?alt=media&token=74438bbc-7207-425f-af02-e1d9ce40e12b',175,'2020-09-04 18:56:03','2020-09-04 18:56:03',NULL,NULL,'https://firebasestorage.googleapis.com/v0/b/funniq-78dbd.appspot.com/o/funniq_development%2Fu35_78_1599245752104file_example_MP4_480_1_5MG_thumbnail.jpg?alt=media&token=06dc7a0e-63c4-4619-9f40-89e244ab62dd'),(21,NULL,'https://firebasestorage.googleapis.com/v0/b/funniq-78dbd.appspot.com/o/funniq_development%2Fu35_1_1599246781413sma.mp4?alt=media&token=3e9d9adc-0a1d-4804-a862-6f32c7772d2e',176,'2020-09-04 19:13:04','2020-09-04 19:13:04',NULL,NULL,'https://firebasestorage.googleapis.com/v0/b/funniq-78dbd.appspot.com/o/funniq_development%2Fu35_1_1599246781413sma_thumbnail.jpg?alt=media&token=73978a49-9a0d-424a-a697-dd01d916643e'),(22,NULL,'https://firebasestorage.googleapis.com/v0/b/funniq-78dbd.appspot.com/o/funniq_development%2Fu35_45_1599246867073_video.mp4?alt=media&token=6e5e0150-3468-4142-860e-9e90d30ff4a1',177,'2020-09-04 19:14:31','2020-09-04 19:14:31',NULL,NULL,'https://firebasestorage.googleapis.com/v0/b/funniq-78dbd.appspot.com/o/funniq_development%2Fu35_45_1599246867073_video_thumbnail.jpg?alt=media&token=a438cc00-8d00-4084-a4d8-f1711fb55ad4'),(23,NULL,'https://firebasestorage.googleapis.com/v0/b/funniq-78dbd.appspot.com/o/funniq_development%2Fu35_52_1599246978457_video.mp4?alt=media&token=c9a7c226-793d-4dd4-932f-9df1d1a4b01b',178,'2020-09-04 19:16:22','2020-09-04 19:16:22',NULL,NULL,'https://firebasestorage.googleapis.com/v0/b/funniq-78dbd.appspot.com/o/funniq_development%2Fu35_52_1599246978457_video_thumbnail.jpg?alt=media&token=30c655c2-c41a-44f0-8c68-8e4b893fd9b3'),(24,NULL,'https://firebasestorage.googleapis.com/v0/b/funniq-78dbd.appspot.com/o/funniq_development%2Fu35_20_1599623967946_video.mp4?alt=media&token=469e06bd-ae58-49af-bf5a-f2cb673b0053',192,'2020-09-09 03:59:34','2020-09-09 03:59:34',NULL,NULL,'https://firebasestorage.googleapis.com/v0/b/funniq-78dbd.appspot.com/o/funniq_development%2Fu35_20_1599623967946_video_thumbnail.jpg?alt=media&token=bc0b2e39-b74c-4731-85a1-7fd50b08f306'),(25,NULL,'https://firebasestorage.googleapis.com/v0/b/funniq-78dbd.appspot.com/o/funniq_development%2Fu35_58_1599623984885_video.mp4?alt=media&token=3f63c5c0-b7db-4a69-9fae-3db89658361c',193,'2020-09-09 03:59:50','2020-09-09 03:59:50',NULL,NULL,'https://firebasestorage.googleapis.com/v0/b/funniq-78dbd.appspot.com/o/funniq_development%2Fu35_58_1599623984885_video_thumbnail.jpg?alt=media&token=23702752-0894-466b-b63d-cf0f9807d9c8'),(26,NULL,'https://firebasestorage.googleapis.com/v0/b/funniq-78dbd.appspot.com/o/funniq_development%2Fu35_22_1599624004193_video.mp4?alt=media&token=b745fa77-e153-460a-928c-71e5e005b0d0',194,'2020-09-09 04:00:10','2020-09-09 04:00:10',NULL,NULL,'https://firebasestorage.googleapis.com/v0/b/funniq-78dbd.appspot.com/o/funniq_development%2Fu35_22_1599624004193_video_thumbnail.jpg?alt=media&token=dd24bea6-8858-437d-8375-7adc94271eac'),(27,NULL,'https://firebasestorage.googleapis.com/v0/b/funniq-78dbd.appspot.com/o/funniq_development%2Fu35_86_1599658388052_video.mp4?alt=media&token=7f214805-4f5a-4f13-81c4-1e9d9187f377',198,'2020-09-09 13:33:11','2020-09-09 13:33:11',NULL,NULL,'https://firebasestorage.googleapis.com/v0/b/funniq-78dbd.appspot.com/o/funniq_development%2Fu35_86_1599658388052_video_thumbnail.jpg?alt=media&token=091ad00b-f05d-4c8c-ab83-7eb084ead425'),(28,NULL,'https://firebasestorage.googleapis.com/v0/b/funniq-78dbd.appspot.com/o/funniq_development%2Fu35_30_1599738379298_video.mp4?alt=media&token=635af7d4-223f-4f5f-8cc6-9df9ef3fa32d',201,'2020-09-10 11:46:23','2020-09-10 11:46:23',NULL,NULL,'https://firebasestorage.googleapis.com/v0/b/funniq-78dbd.appspot.com/o/funniq_development%2Fu35_30_1599738379298_video_thumbnail.jpg?alt=media&token=965b2686-e0c8-4196-bf52-7cd3f0394db4'),(29,NULL,'https://firebasestorage.googleapis.com/v0/b/funniq-78dbd.appspot.com/o/funniq_development%2Fu35_38_1599738406886_video.mp4?alt=media&token=2e7b2977-38f1-4d06-b5d2-90d2e281517c',202,'2020-09-10 11:46:50','2020-09-10 11:46:50',NULL,NULL,'https://firebasestorage.googleapis.com/v0/b/funniq-78dbd.appspot.com/o/funniq_development%2Fu35_38_1599738406886_video_thumbnail.jpg?alt=media&token=3277f01c-78ab-4e8b-90f5-9c2616f5fce2'),(30,NULL,'https://firebasestorage.googleapis.com/v0/b/funniq-78dbd.appspot.com/o/funniq_development%2Fu35_84_1599738620084_video.mp4?alt=media&token=eb840751-abaa-49cb-b334-ec4f6c01eb06',203,'2020-09-10 11:50:23','2020-09-10 11:50:23',NULL,NULL,'https://firebasestorage.googleapis.com/v0/b/funniq-78dbd.appspot.com/o/funniq_development%2Fu35_84_1599738620084_video_thumbnail.jpg?alt=media&token=3a3e4fea-2d33-4126-a04c-f3e09c32a955'),(31,NULL,'https://firebasestorage.googleapis.com/v0/b/funniq-78dbd.appspot.com/o/funniq_development%2Fu35_63_1599817881623_video.mp4?alt=media&token=1cd4130f-2703-44cf-bacf-54f045306310',204,'2020-09-11 09:51:27','2020-09-11 09:51:27',NULL,NULL,'https://firebasestorage.googleapis.com/v0/b/funniq-78dbd.appspot.com/o/u35_63_1599817881623_video_thumbnail.jpg?alt=media&token=d1362d43-7312-45e8-a8c5-9772b8438b11'),(32,NULL,'https://firebasestorage.googleapis.com/v0/b/funniq-78dbd.appspot.com/o/funniq_development%2Fu35_60_1599818398674_video.mp4?alt=media&token=dfd3c893-aef5-457c-9902-df162e84f0fd',205,'2020-09-11 10:00:03','2020-09-11 10:00:03',NULL,NULL,'https://firebasestorage.googleapis.com/v0/b/funniq-78dbd.appspot.com/o/u35_60_1599818398674_video_thumbnail.jpg?alt=media&token=b80758cf-1851-404c-bddd-b8cf863398ef'),(33,NULL,'https://firebasestorage.googleapis.com/v0/b/funniq-78dbd.appspot.com/o/funniq_development%2Fu35_30_1599818480987_video.mp4?alt=media&token=7ce8460a-c106-4c48-8b9c-f41745044ecc',206,'2020-09-11 10:01:24','2020-09-11 10:01:24',NULL,NULL,'https://firebasestorage.googleapis.com/v0/b/funniq-78dbd.appspot.com/o/u35_30_1599818480987_video.jpg?alt=media&token=7496488a-ba77-4553-ace9-d1efddd11eee');
/*!40000 ALTER TABLE `videos` ENABLE KEYS */;
UNLOCK TABLES;

--
-- Table structure for table `vote_candidates`
--

DROP TABLE IF EXISTS `vote_candidates`;
/*!40101 SET @saved_cs_client     = @@character_set_client */;
/*!40101 SET character_set_client = utf8 */;
CREATE TABLE `vote_candidates` (
  `id` bigint(20) NOT NULL AUTO_INCREMENT,
  `slogan` text,
  `color` varchar(255) DEFAULT NULL,
  `image_url` varchar(255) DEFAULT NULL,
  `profile` text,
  `name` varchar(255) DEFAULT NULL,
  PRIMARY KEY (`id`)
) ENGINE=InnoDB AUTO_INCREMENT=6 DEFAULT CHARSET=latin1;
/*!40101 SET character_set_client = @saved_cs_client */;

--
-- Dumping data for table `vote_candidates`
--

LOCK TABLES `vote_candidates` WRITE;
/*!40000 ALTER TABLE `vote_candidates` DISABLE KEYS */;
INSERT INTO `vote_candidates` VALUES (1,'asdasdasdasdasd','#000000','https://lh3.googleusercontent.com/proxy/OEp5RHHCOxdNf9JAXYPVSNCXqqIUB20Q0r_tbsIAfFqzLC4a_S2tE36cE3NiVpZvaVZ9qeveNL3LePuuVPb0AZfr3C22bZamdvzYS3cSH1Ab0dDdfg','asdasdasdasdasd','ngo ba kha'),(2,'','#000000','https://m.media-amazon.com/images/M/MV5BMTYwMTI5NTM2OF5BMl5BanBnXkFtZTcwODk3MDQ2Mg@@._V1_UY1200_CR105,0,630,1200_AL_.jpg','adadadzxczxczxczxxc','spider man'),(3,'','#000000','https://upload.wikimedia.org/wikipedia/vi/5/5a/Batman-Arkham-Origins-Logo.jpg','zxczxvzxv','bat man'),(4,'zczxc','#000000','https://icdn.dantri.com.vn/thumb_w/640/2020/07/25/trump-1-1595681137322.jpg','asfdasdfasfaszxzx','trump'),(5,'','#000000','https://vinmec-prod.s3.amazonaws.com/images/20200306_033308_385286_benh-do-virus-coron.max-1800x1800.jpg','','covide 19');
/*!40000 ALTER TABLE `vote_candidates` ENABLE KEYS */;
UNLOCK TABLES;

--
-- Table structure for table `vote_criteria`
--

DROP TABLE IF EXISTS `vote_criteria`;
/*!40101 SET @saved_cs_client     = @@character_set_client */;
/*!40101 SET character_set_client = utf8 */;
CREATE TABLE `vote_criteria` (
  `id` bigint(20) NOT NULL AUTO_INCREMENT,
  `name` varchar(255) DEFAULT NULL,
  `description` text,
  `vote_candidate_id` bigint(20) DEFAULT NULL,
  `votefight_id` bigint(20) DEFAULT NULL,
  PRIMARY KEY (`id`),
  KEY `index_vote_criteria_on_vote_candidate_id` (`vote_candidate_id`),
  KEY `index_vote_criteria_on_votefight_id` (`votefight_id`),
  CONSTRAINT `fk_rails_6962e0b159` FOREIGN KEY (`votefight_id`) REFERENCES `votefights` (`id`),
  CONSTRAINT `fk_rails_89d595ae79` FOREIGN KEY (`vote_candidate_id`) REFERENCES `vote_candidates` (`id`)
) ENGINE=InnoDB DEFAULT CHARSET=latin1;
/*!40101 SET character_set_client = @saved_cs_client */;

--
-- Dumping data for table `vote_criteria`
--

LOCK TABLES `vote_criteria` WRITE;
/*!40000 ALTER TABLE `vote_criteria` DISABLE KEYS */;
/*!40000 ALTER TABLE `vote_criteria` ENABLE KEYS */;
UNLOCK TABLES;

--
-- Table structure for table `votefights`
--

DROP TABLE IF EXISTS `votefights`;
/*!40101 SET @saved_cs_client     = @@character_set_client */;
/*!40101 SET character_set_client = utf8 */;
CREATE TABLE `votefights` (
  `id` bigint(20) NOT NULL AUTO_INCREMENT,
  `name` varchar(255) DEFAULT NULL,
  `end_date` datetime DEFAULT NULL,
  `description` text,
  `slogan` varchar(255) DEFAULT NULL,
  `slug` varchar(255) DEFAULT NULL,
  `created_at` datetime NOT NULL,
  `updated_at` datetime NOT NULL,
  `criteria` text,
  `start_date` datetime DEFAULT NULL,
  PRIMARY KEY (`id`)
) ENGINE=InnoDB AUTO_INCREMENT=3 DEFAULT CHARSET=latin1;
/*!40101 SET character_set_client = @saved_cs_client */;

--
-- Dumping data for table `votefights`
--

LOCK TABLES `votefights` WRITE;
/*!40000 ALTER TABLE `votefights` DISABLE KEYS */;
INSERT INTO `votefights` VALUES (1,'vote1',NULL,'','who is what','vote1','2020-07-26 11:36:11','2020-07-26 11:36:11','',NULL),(2,'asdasd',NULL,'asds','','asdasd','2020-07-26 15:28:43','2020-07-26 15:28:43','adasd',NULL);
/*!40000 ALTER TABLE `votefights` ENABLE KEYS */;
UNLOCK TABLES;
/*!40103 SET TIME_ZONE=@OLD_TIME_ZONE */;

/*!40101 SET SQL_MODE=@OLD_SQL_MODE */;
/*!40014 SET FOREIGN_KEY_CHECKS=@OLD_FOREIGN_KEY_CHECKS */;
/*!40014 SET UNIQUE_CHECKS=@OLD_UNIQUE_CHECKS */;
/*!40101 SET CHARACTER_SET_CLIENT=@OLD_CHARACTER_SET_CLIENT */;
/*!40101 SET CHARACTER_SET_RESULTS=@OLD_CHARACTER_SET_RESULTS */;
/*!40101 SET COLLATION_CONNECTION=@OLD_COLLATION_CONNECTION */;
/*!40111 SET SQL_NOTES=@OLD_SQL_NOTES */;

-- Dump completed on 2021-06-24 15:02:44
